"codigo","designacao","codigo_pai","nivel","linha_anexo","extensao_reservada","conta_generica_proibida","codigo_duplicado","pai_em_falta","estado_validacao","estado_fonte","decisao_implementacao"
"11","Imobilizações corpóreas","","1","2","false","false","false","false","NEEDS_NORMATIVE_VALIDATION","REQUIRES_PRIMARY_SOURCE_CONFIRMATION","STAGING_ONLY_NOT_ACTIVATED"
"11.1","Terrenos e recursos naturais","11","2","3","false","false","false","false","NEEDS_NORMATIVE_VALIDATION","REQUIRES_PRIMARY_SOURCE_CONFIRMATION","STAGING_ONLY_NOT_ACTIVATED"
"11.1.1","Terrenos em bruto","11.1","3","4","false","false","false","false","NEEDS_NORMATIVE_VALIDATION","REQUIRES_PRIMARY_SOURCE_CONFIRMATION","STAGING_ONLY_NOT_ACTIVATED"
"11.1.2","Terrenos com arranjos","11.1","3","5","false","false","false","false","NEEDS_NORMATIVE_VALIDATION","REQUIRES_PRIMARY_SOURCE_CONFIRMATION","STAGING_ONLY_NOT_ACTIVATED"
"11.1.3","Subsolos","11.1","3","6","false","false","false","false","NEEDS_NORMATIVE_VALIDATION","REQUIRES_PRIMARY_SOURCE_CONFIRMATION","STAGING_ONLY_NOT_ACTIVATED"
"11.1.4","Terrenos com edifícios","11.1","3","7","false","false","false","false","NEEDS_NORMATIVE_VALIDATION","REQUIRES_PRIMARY_SOURCE_CONFIRMATION","STAGING_ONLY_NOT_ACTIVATED"
"11.1.4.1","Relativos a edifícios industriais","11.1.4","4","8","false","false","false","false","NEEDS_NORMATIVE_VALIDATION","REQUIRES_PRIMARY_SOURCE_CONFIRMATION","STAGING_ONLY_NOT_ACTIVATED"
"11.1.4.2","Relativos a edifícios administrativos e comerciais","11.1.4","4","9","false","false","false","false","NEEDS_NORMATIVE_VALIDATION","REQUIRES_PRIMARY_SOURCE_CONFIRMATION","STAGING_ONLY_NOT_ACTIVATED"
"11.1.4.3","Relativos a outros edifícios","11.1.4","4","10","false","false","false","false","NEEDS_NORMATIVE_VALIDATION","REQUIRES_PRIMARY_SOURCE_CONFIRMATION","STAGING_ONLY_NOT_ACTIVATED"
"11.2","Edifícios e outras construções","11","2","11","false","false","false","false","NEEDS_NORMATIVE_VALIDATION","REQUIRES_PRIMARY_SOURCE_CONFIRMATION","STAGING_ONLY_NOT_ACTIVATED"
"11.2.1","Edifícios","11.2","3","12","false","false","false","false","NEEDS_NORMATIVE_VALIDATION","REQUIRES_PRIMARY_SOURCE_CONFIRMATION","STAGING_ONLY_NOT_ACTIVATED"
"11.2.1.1","Integrados em conjuntos industriais","11.2.1","4","13","false","false","false","false","NEEDS_NORMATIVE_VALIDATION","REQUIRES_PRIMARY_SOURCE_CONFIRMATION","STAGING_ONLY_NOT_ACTIVATED"
"11.2.1.2","Integrados em conjuntos administrativos e comerciais","11.2.1","4","14","false","false","false","false","NEEDS_NORMATIVE_VALIDATION","REQUIRES_PRIMARY_SOURCE_CONFIRMATION","STAGING_ONLY_NOT_ACTIVATED"
"11.2.1.3","Outros conjuntos industriais","11.2.1","4","15","false","false","false","false","NEEDS_NORMATIVE_VALIDATION","REQUIRES_PRIMARY_SOURCE_CONFIRMATION","STAGING_ONLY_NOT_ACTIVATED"
"11.2.1.4","Implantados em propriedade alheia","11.2.1","4","16","false","false","false","false","NEEDS_NORMATIVE_VALIDATION","REQUIRES_PRIMARY_SOURCE_CONFIRMATION","STAGING_ONLY_NOT_ACTIVATED"
"11.2.2","Outras construções","11.2","3","17","false","false","false","false","NEEDS_NORMATIVE_VALIDATION","REQUIRES_PRIMARY_SOURCE_CONFIRMATION","STAGING_ONLY_NOT_ACTIVATED"
"11.2.3","Instalações","11.2","3","18","false","false","false","false","NEEDS_NORMATIVE_VALIDATION","REQUIRES_PRIMARY_SOURCE_CONFIRMATION","STAGING_ONLY_NOT_ACTIVATED"
"11.3","Equipamento básico","11","2","19","false","false","false","false","NEEDS_NORMATIVE_VALIDATION","REQUIRES_PRIMARY_SOURCE_CONFIRMATION","STAGING_ONLY_NOT_ACTIVATED"
"11.3.1","Material industrial","11.3","3","20","false","false","false","false","NEEDS_NORMATIVE_VALIDATION","REQUIRES_PRIMARY_SOURCE_CONFIRMATION","STAGING_ONLY_NOT_ACTIVATED"
"11.3.2","Ferramentas industriais","11.3","3","21","false","false","false","false","NEEDS_NORMATIVE_VALIDATION","REQUIRES_PRIMARY_SOURCE_CONFIRMATION","STAGING_ONLY_NOT_ACTIVATED"
"11.3.3","Melhoramentos em equipamentos básicos","11.3","3","22","false","false","false","false","NEEDS_NORMATIVE_VALIDATION","REQUIRES_PRIMARY_SOURCE_CONFIRMATION","STAGING_ONLY_NOT_ACTIVATED"
"11.4","Equipamento de carga e transporte","11","2","23","false","false","false","false","NEEDS_NORMATIVE_VALIDATION","REQUIRES_PRIMARY_SOURCE_CONFIRMATION","STAGING_ONLY_NOT_ACTIVATED"
"11.4.1","RESERVED_PGC_EXTENSION","11.4","3","24","true","false","false","false","NEEDS_NORMATIVE_VALIDATION","REQUIRES_PRIMARY_SOURCE_CONFIRMATION","STAGING_ONLY_NOT_ACTIVATED"
"11.5","Equipamento administrativo","11","2","25","false","false","false","false","NEEDS_NORMATIVE_VALIDATION","REQUIRES_PRIMARY_SOURCE_CONFIRMATION","STAGING_ONLY_NOT_ACTIVATED"
"11.5.1","RESERVED_PGC_EXTENSION","11.5","3","26","true","false","false","false","NEEDS_NORMATIVE_VALIDATION","REQUIRES_PRIMARY_SOURCE_CONFIRMATION","STAGING_ONLY_NOT_ACTIVATED"
"11.6","Taras e vasilhame","11","2","27","false","false","false","false","NEEDS_NORMATIVE_VALIDATION","REQUIRES_PRIMARY_SOURCE_CONFIRMATION","STAGING_ONLY_NOT_ACTIVATED"
"11.6.1","RESERVED_PGC_EXTENSION","11.6","3","28","true","false","false","false","NEEDS_NORMATIVE_VALIDATION","REQUIRES_PRIMARY_SOURCE_CONFIRMATION","STAGING_ONLY_NOT_ACTIVATED"
"11.9","Outras imobilizações corpóreas","11","2","29","false","false","false","false","NEEDS_NORMATIVE_VALIDATION","REQUIRES_PRIMARY_SOURCE_CONFIRMATION","STAGING_ONLY_NOT_ACTIVATED"
"11.9.1","RESERVED_PGC_EXTENSION","11.9","3","30","true","false","false","false","NEEDS_NORMATIVE_VALIDATION","REQUIRES_PRIMARY_SOURCE_CONFIRMATION","STAGING_ONLY_NOT_ACTIVATED"
"12","Imobilizações incorpóreas","","1","31","false","false","false","false","NEEDS_NORMATIVE_VALIDATION","REQUIRES_PRIMARY_SOURCE_CONFIRMATION","STAGING_ONLY_NOT_ACTIVATED"
"12.1","Trespasses","12","2","32","false","false","false","false","NEEDS_NORMATIVE_VALIDATION","REQUIRES_PRIMARY_SOURCE_CONFIRMATION","STAGING_ONLY_NOT_ACTIVATED"
"12.1.1","RESERVED_PGC_EXTENSION","12.1","3","33","true","false","false","false","NEEDS_NORMATIVE_VALIDATION","REQUIRES_PRIMARY_SOURCE_CONFIRMATION","STAGING_ONLY_NOT_ACTIVATED"
"12.2","Despesas de investigação e desenvolvimento","12","2","34","false","false","false","false","NEEDS_NORMATIVE_VALIDATION","REQUIRES_PRIMARY_SOURCE_CONFIRMATION","STAGING_ONLY_NOT_ACTIVATED"
"12.2.1","RESERVED_PGC_EXTENSION","12.2","3","35","true","false","false","false","NEEDS_NORMATIVE_VALIDATION","REQUIRES_PRIMARY_SOURCE_CONFIRMATION","STAGING_ONLY_NOT_ACTIVATED"
"12.3","Propriedade industrial e outros direitos e contratos","12","2","36","false","false","false","false","NEEDS_NORMATIVE_VALIDATION","REQUIRES_PRIMARY_SOURCE_CONFIRMATION","STAGING_ONLY_NOT_ACTIVATED"
"12.3.1","RESERVED_PGC_EXTENSION","12.3","3","37","true","false","false","false","NEEDS_NORMATIVE_VALIDATION","REQUIRES_PRIMARY_SOURCE_CONFIRMATION","STAGING_ONLY_NOT_ACTIVATED"
"12.4","Despesas de constituição","12","2","38","false","false","false","false","NEEDS_NORMATIVE_VALIDATION","REQUIRES_PRIMARY_SOURCE_CONFIRMATION","STAGING_ONLY_NOT_ACTIVATED"
"12.4.1","RESERVED_PGC_EXTENSION","12.4","3","39","true","false","false","false","NEEDS_NORMATIVE_VALIDATION","REQUIRES_PRIMARY_SOURCE_CONFIRMATION","STAGING_ONLY_NOT_ACTIVATED"
"12.9","Outras imobilizações incorpóreas","12","2","40","false","false","false","false","NEEDS_NORMATIVE_VALIDATION","REQUIRES_PRIMARY_SOURCE_CONFIRMATION","STAGING_ONLY_NOT_ACTIVATED"
"12.9.1","RESERVED_PGC_EXTENSION","12.9","3","41","true","false","false","false","NEEDS_NORMATIVE_VALIDATION","REQUIRES_PRIMARY_SOURCE_CONFIRMATION","STAGING_ONLY_NOT_ACTIVATED"
"13","Investimentos financeiros","","1","42","false","false","false","false","NEEDS_NORMATIVE_VALIDATION","REQUIRES_PRIMARY_SOURCE_CONFIRMATION","STAGING_ONLY_NOT_ACTIVATED"
"13.1","Empresas subsidiárias","13","2","43","false","false","false","false","NEEDS_NORMATIVE_VALIDATION","REQUIRES_PRIMARY_SOURCE_CONFIRMATION","STAGING_ONLY_NOT_ACTIVATED"
"13.1.1","Partes de capital","13.1","3","44","false","false","false","false","NEEDS_NORMATIVE_VALIDATION","REQUIRES_PRIMARY_SOURCE_CONFIRMATION","STAGING_ONLY_NOT_ACTIVATED"
"13.1.2","Obrigações e títulos de participação","13.1","3","45","false","false","false","false","NEEDS_NORMATIVE_VALIDATION","REQUIRES_PRIMARY_SOURCE_CONFIRMATION","STAGING_ONLY_NOT_ACTIVATED"
"13.1.3","Empréstimos","13.1","3","46","false","false","false","false","NEEDS_NORMATIVE_VALIDATION","REQUIRES_PRIMARY_SOURCE_CONFIRMATION","STAGING_ONLY_NOT_ACTIVATED"
"13.2","Empresas associadas","13","2","47","false","false","false","false","NEEDS_NORMATIVE_VALIDATION","REQUIRES_PRIMARY_SOURCE_CONFIRMATION","STAGING_ONLY_NOT_ACTIVATED"
"13.2.1","Partes de capital","13.2","3","48","false","false","false","false","NEEDS_NORMATIVE_VALIDATION","REQUIRES_PRIMARY_SOURCE_CONFIRMATION","STAGING_ONLY_NOT_ACTIVATED"
"13.2.2","Obrigações e títulos de participação","13.2","3","49","false","false","false","false","NEEDS_NORMATIVE_VALIDATION","REQUIRES_PRIMARY_SOURCE_CONFIRMATION","STAGING_ONLY_NOT_ACTIVATED"
"13.2.3","Empréstimos","13.2","3","50","false","false","false","false","NEEDS_NORMATIVE_VALIDATION","REQUIRES_PRIMARY_SOURCE_CONFIRMATION","STAGING_ONLY_NOT_ACTIVATED"
"13.3","Outras empresas","13","2","51","false","false","false","false","NEEDS_NORMATIVE_VALIDATION","REQUIRES_PRIMARY_SOURCE_CONFIRMATION","STAGING_ONLY_NOT_ACTIVATED"
"13.3.1","Partes de capital","13.3","3","52","false","false","false","false","NEEDS_NORMATIVE_VALIDATION","REQUIRES_PRIMARY_SOURCE_CONFIRMATION","STAGING_ONLY_NOT_ACTIVATED"
"13.3.2","Obrigações e títulos de participação","13.3","3","53","false","false","false","false","NEEDS_NORMATIVE_VALIDATION","REQUIRES_PRIMARY_SOURCE_CONFIRMATION","STAGING_ONLY_NOT_ACTIVATED"
"13.3.3","Empréstimos","13.3","3","54","false","false","false","false","NEEDS_NORMATIVE_VALIDATION","REQUIRES_PRIMARY_SOURCE_CONFIRMATION","STAGING_ONLY_NOT_ACTIVATED"
"13.4","Investimentos em imóveis","13","2","55","false","false","false","false","NEEDS_NORMATIVE_VALIDATION","REQUIRES_PRIMARY_SOURCE_CONFIRMATION","STAGING_ONLY_NOT_ACTIVATED"
"13.4.1","RESERVED_PGC_EXTENSION","13.4","3","56","true","false","false","false","NEEDS_NORMATIVE_VALIDATION","REQUIRES_PRIMARY_SOURCE_CONFIRMATION","STAGING_ONLY_NOT_ACTIVATED"
"13.5","Fundos","13","2","57","false","false","false","false","NEEDS_NORMATIVE_VALIDATION","REQUIRES_PRIMARY_SOURCE_CONFIRMATION","STAGING_ONLY_NOT_ACTIVATED"
"13.5.1","RESERVED_PGC_EXTENSION","13.5","3","58","true","false","false","false","NEEDS_NORMATIVE_VALIDATION","REQUIRES_PRIMARY_SOURCE_CONFIRMATION","STAGING_ONLY_NOT_ACTIVATED"
"13.9","Outros investimentos financeiros","13","2","59","false","false","false","false","NEEDS_NORMATIVE_VALIDATION","REQUIRES_PRIMARY_SOURCE_CONFIRMATION","STAGING_ONLY_NOT_ACTIVATED"
"13.9.1","Diamantes","13.9","3","60","false","false","false","false","NEEDS_NORMATIVE_VALIDATION","REQUIRES_PRIMARY_SOURCE_CONFIRMATION","STAGING_ONLY_NOT_ACTIVATED"
"13.9.2","Ouro","13.9","3","61","false","false","false","false","NEEDS_NORMATIVE_VALIDATION","REQUIRES_PRIMARY_SOURCE_CONFIRMATION","STAGING_ONLY_NOT_ACTIVATED"
"13.9.3","Depósitos bancários","13.9","3","62","false","false","false","false","NEEDS_NORMATIVE_VALIDATION","REQUIRES_PRIMARY_SOURCE_CONFIRMATION","STAGING_ONLY_NOT_ACTIVATED"
"14","Imobilizações em curso","","1","63","false","false","false","false","NEEDS_NORMATIVE_VALIDATION","REQUIRES_PRIMARY_SOURCE_CONFIRMATION","STAGING_ONLY_NOT_ACTIVATED"
"14.1","Obra em curso","14","2","64","false","false","false","false","NEEDS_NORMATIVE_VALIDATION","REQUIRES_PRIMARY_SOURCE_CONFIRMATION","STAGING_ONLY_NOT_ACTIVATED"
"14.2","Obra em curso","14","2","65","false","false","false","false","NEEDS_NORMATIVE_VALIDATION","REQUIRES_PRIMARY_SOURCE_CONFIRMATION","STAGING_ONLY_NOT_ACTIVATED"
"14.7","Adiantamentos por conta de imobilizado corpóreo","14","2","66","false","false","false","false","NEEDS_NORMATIVE_VALIDATION","REQUIRES_PRIMARY_SOURCE_CONFIRMATION","STAGING_ONLY_NOT_ACTIVATED"
"14.7.1","RESERVED_PGC_EXTENSION","14.7","3","67","true","false","false","false","NEEDS_NORMATIVE_VALIDATION","REQUIRES_PRIMARY_SOURCE_CONFIRMATION","STAGING_ONLY_NOT_ACTIVATED"
"14.8","Adiantamentos por conta de imobilizado incorpóreo","14","2","68","false","false","false","false","NEEDS_NORMATIVE_VALIDATION","REQUIRES_PRIMARY_SOURCE_CONFIRMATION","STAGING_ONLY_NOT_ACTIVATED"
"14.8.1","RESERVED_PGC_EXTENSION","14.8","3","69","true","false","false","false","NEEDS_NORMATIVE_VALIDATION","REQUIRES_PRIMARY_SOURCE_CONFIRMATION","STAGING_ONLY_NOT_ACTIVATED"
"14.9","Adiantamentos por conta de investimentos financeiros","14","2","70","false","false","false","false","NEEDS_NORMATIVE_VALIDATION","REQUIRES_PRIMARY_SOURCE_CONFIRMATION","STAGING_ONLY_NOT_ACTIVATED"
"14.9.1","RESERVED_PGC_EXTENSION","14.9","3","71","true","false","false","false","NEEDS_NORMATIVE_VALIDATION","REQUIRES_PRIMARY_SOURCE_CONFIRMATION","STAGING_ONLY_NOT_ACTIVATED"
"18","Amortizações acumuladas","","1","72","false","false","false","false","NEEDS_NORMATIVE_VALIDATION","REQUIRES_PRIMARY_SOURCE_CONFIRMATION","STAGING_ONLY_NOT_ACTIVATED"
"18.1","Imobilizações corpóreas","18","2","73","false","false","true","false","REQUIRES_HUMAN_VALIDATION","REQUIRES_PRIMARY_SOURCE_CONFIRMATION","STAGING_ONLY_NOT_ACTIVATED"
"18.1","Terrenos e recursos naturais","18","2","74","false","false","true","false","REQUIRES_HUMAN_VALIDATION","REQUIRES_PRIMARY_SOURCE_CONFIRMATION","STAGING_ONLY_NOT_ACTIVATED"
"18.2","Edifícios e outras construções","18","2","75","false","false","true","false","REQUIRES_HUMAN_VALIDATION","REQUIRES_PRIMARY_SOURCE_CONFIRMATION","STAGING_ONLY_NOT_ACTIVATED"
"18.3","Equipamento básico","18","2","76","false","false","true","false","REQUIRES_HUMAN_VALIDATION","REQUIRES_PRIMARY_SOURCE_CONFIRMATION","STAGING_ONLY_NOT_ACTIVATED"
"18.4","Equipamento de carga e transporte","18","2","77","false","false","false","false","NEEDS_NORMATIVE_VALIDATION","REQUIRES_PRIMARY_SOURCE_CONFIRMATION","STAGING_ONLY_NOT_ACTIVATED"
"18.5","Equipamento administrativo","18","2","78","false","false","false","false","NEEDS_NORMATIVE_VALIDATION","REQUIRES_PRIMARY_SOURCE_CONFIRMATION","STAGING_ONLY_NOT_ACTIVATED"
"18.6","Taras e vasilhame","18","2","79","false","false","false","false","NEEDS_NORMATIVE_VALIDATION","REQUIRES_PRIMARY_SOURCE_CONFIRMATION","STAGING_ONLY_NOT_ACTIVATED"
"18.9","Outras imobilizações corpóreas","18","2","80","false","false","false","false","NEEDS_NORMATIVE_VALIDATION","REQUIRES_PRIMARY_SOURCE_CONFIRMATION","STAGING_ONLY_NOT_ACTIVATED"
"18.2","Imobilizações incorpóreas","18","2","81","false","false","true","false","REQUIRES_HUMAN_VALIDATION","REQUIRES_PRIMARY_SOURCE_CONFIRMATION","STAGING_ONLY_NOT_ACTIVATED"
"18.2.1","Trespasses","18.2","3","82","false","false","false","false","NEEDS_NORMATIVE_VALIDATION","REQUIRES_PRIMARY_SOURCE_CONFIRMATION","STAGING_ONLY_NOT_ACTIVATED"
"18.2.2","Despesas de investigação e desenvolvimento","18.2","3","83","false","false","false","false","NEEDS_NORMATIVE_VALIDATION","REQUIRES_PRIMARY_SOURCE_CONFIRMATION","STAGING_ONLY_NOT_ACTIVATED"
"18.2.3","Propriedade industrial e outros direitos e contratos","18.2","3","84","false","false","false","false","NEEDS_NORMATIVE_VALIDATION","REQUIRES_PRIMARY_SOURCE_CONFIRMATION","STAGING_ONLY_NOT_ACTIVATED"
"18.2.4","Despesas de constituição","18.2","3","85","false","false","false","false","NEEDS_NORMATIVE_VALIDATION","REQUIRES_PRIMARY_SOURCE_CONFIRMATION","STAGING_ONLY_NOT_ACTIVATED"
"18.2.9","Outras imobilizações incorpóreas","18.2","3","86","false","false","false","false","NEEDS_NORMATIVE_VALIDATION","REQUIRES_PRIMARY_SOURCE_CONFIRMATION","STAGING_ONLY_NOT_ACTIVATED"
"18.3","Investimentos financeiros em imóveis","18","2","87","false","false","true","false","REQUIRES_HUMAN_VALIDATION","REQUIRES_PRIMARY_SOURCE_CONFIRMATION","STAGING_ONLY_NOT_ACTIVATED"
"18.3.1","Terrenos e recursos naturais","18.3","3","88","false","false","false","false","NEEDS_NORMATIVE_VALIDATION","REQUIRES_PRIMARY_SOURCE_CONFIRMATION","STAGING_ONLY_NOT_ACTIVATED"
"18.3.2","Edifícios e outras construções","18.3","3","89","false","false","false","false","NEEDS_NORMATIVE_VALIDATION","REQUIRES_PRIMARY_SOURCE_CONFIRMATION","STAGING_ONLY_NOT_ACTIVATED"
"19","Provisões para investimentos financeiros","","1","90","false","false","false","false","NEEDS_NORMATIVE_VALIDATION","REQUIRES_PRIMARY_SOURCE_CONFIRMATION","STAGING_ONLY_NOT_ACTIVATED"
"19.1","Empresas subsidiárias","19","2","91","false","false","false","false","NEEDS_NORMATIVE_VALIDATION","REQUIRES_PRIMARY_SOURCE_CONFIRMATION","STAGING_ONLY_NOT_ACTIVATED"
"19.1.1","Partes de capital","19.1","3","92","false","false","false","false","NEEDS_NORMATIVE_VALIDATION","REQUIRES_PRIMARY_SOURCE_CONFIRMATION","STAGING_ONLY_NOT_ACTIVATED"
"19.1.2","Obrigações e títulos de participação","19.1","3","93","false","false","false","false","NEEDS_NORMATIVE_VALIDATION","REQUIRES_PRIMARY_SOURCE_CONFIRMATION","STAGING_ONLY_NOT_ACTIVATED"
"19.1.3","Empréstimos","19.1","3","94","false","false","false","false","NEEDS_NORMATIVE_VALIDATION","REQUIRES_PRIMARY_SOURCE_CONFIRMATION","STAGING_ONLY_NOT_ACTIVATED"
"19.2","Empresas associadas","19","2","95","false","false","false","false","NEEDS_NORMATIVE_VALIDATION","REQUIRES_PRIMARY_SOURCE_CONFIRMATION","STAGING_ONLY_NOT_ACTIVATED"
"19.2.1","Partes de capital","19.2","3","96","false","false","false","false","NEEDS_NORMATIVE_VALIDATION","REQUIRES_PRIMARY_SOURCE_CONFIRMATION","STAGING_ONLY_NOT_ACTIVATED"
"19.2.2","Obrigações e títulos de participação","19.2","3","97","false","false","false","false","NEEDS_NORMATIVE_VALIDATION","REQUIRES_PRIMARY_SOURCE_CONFIRMATION","STAGING_ONLY_NOT_ACTIVATED"
"19.2.3","Empréstimos","19.2","3","98","false","false","false","false","NEEDS_NORMATIVE_VALIDATION","REQUIRES_PRIMARY_SOURCE_CONFIRMATION","STAGING_ONLY_NOT_ACTIVATED"
"19.3","Outras empresas","19","2","99","false","false","false","false","NEEDS_NORMATIVE_VALIDATION","REQUIRES_PRIMARY_SOURCE_CONFIRMATION","STAGING_ONLY_NOT_ACTIVATED"
"19.3.1","Partes de capital","19.3","3","100","false","false","false","false","NEEDS_NORMATIVE_VALIDATION","REQUIRES_PRIMARY_SOURCE_CONFIRMATION","STAGING_ONLY_NOT_ACTIVATED"
"19.3.2","Obrigações e títulos de participação","19.3","3","101","false","false","false","false","NEEDS_NORMATIVE_VALIDATION","REQUIRES_PRIMARY_SOURCE_CONFIRMATION","STAGING_ONLY_NOT_ACTIVATED"
"19.3.3","Empréstimos","19.3","3","102","false","false","false","false","NEEDS_NORMATIVE_VALIDATION","REQUIRES_PRIMARY_SOURCE_CONFIRMATION","STAGING_ONLY_NOT_ACTIVATED"
"19.4","Fundos","19","2","103","false","false","false","false","NEEDS_NORMATIVE_VALIDATION","REQUIRES_PRIMARY_SOURCE_CONFIRMATION","STAGING_ONLY_NOT_ACTIVATED"
"19.4.1","Partes de capital","19.4","3","104","false","false","false","false","NEEDS_NORMATIVE_VALIDATION","REQUIRES_PRIMARY_SOURCE_CONFIRMATION","STAGING_ONLY_NOT_ACTIVATED"
"19.9","Outros investimentos financeiros","19","2","105","false","false","false","false","NEEDS_NORMATIVE_VALIDATION","REQUIRES_PRIMARY_SOURCE_CONFIRMATION","STAGING_ONLY_NOT_ACTIVATED"
"19.9.1","Diamantes","19.9","3","106","false","false","false","false","NEEDS_NORMATIVE_VALIDATION","REQUIRES_PRIMARY_SOURCE_CONFIRMATION","STAGING_ONLY_NOT_ACTIVATED"
"19.9.2","Ouro","19.9","3","107","false","false","false","false","NEEDS_NORMATIVE_VALIDATION","REQUIRES_PRIMARY_SOURCE_CONFIRMATION","STAGING_ONLY_NOT_ACTIVATED"
"19.9.3","Depósitos bancários","19.9","3","108","false","false","false","false","NEEDS_NORMATIVE_VALIDATION","REQUIRES_PRIMARY_SOURCE_CONFIRMATION","STAGING_ONLY_NOT_ACTIVATED"
"21","Compras","","1","110","false","false","false","false","NEEDS_NORMATIVE_VALIDATION","REQUIRES_PRIMARY_SOURCE_CONFIRMATION","STAGING_ONLY_NOT_ACTIVATED"
"21.1","Matérias-primas, subsidiárias e de consumo","21","2","111","false","false","false","false","NEEDS_NORMATIVE_VALIDATION","REQUIRES_PRIMARY_SOURCE_CONFIRMATION","STAGING_ONLY_NOT_ACTIVATED"
"21.1.1","RESERVED_PGC_EXTENSION","21.1","3","112","true","false","false","false","NEEDS_NORMATIVE_VALIDATION","REQUIRES_PRIMARY_SOURCE_CONFIRMATION","STAGING_ONLY_NOT_ACTIVATED"
"21.2","Mercadorias","21","2","113","false","false","false","false","NEEDS_NORMATIVE_VALIDATION","REQUIRES_PRIMARY_SOURCE_CONFIRMATION","STAGING_ONLY_NOT_ACTIVATED"
"21.2.1","RESERVED_PGC_EXTENSION","21.2","3","114","true","false","false","false","NEEDS_NORMATIVE_VALIDATION","REQUIRES_PRIMARY_SOURCE_CONFIRMATION","STAGING_ONLY_NOT_ACTIVATED"
"21.7","Devoluções de compras","21","2","115","false","false","false","false","NEEDS_NORMATIVE_VALIDATION","REQUIRES_PRIMARY_SOURCE_CONFIRMATION","STAGING_ONLY_NOT_ACTIVATED"
"21.7.1","RESERVED_PGC_EXTENSION","21.7","3","116","true","false","false","false","NEEDS_NORMATIVE_VALIDATION","REQUIRES_PRIMARY_SOURCE_CONFIRMATION","STAGING_ONLY_NOT_ACTIVATED"
"21.8","Descontos e abatimentos em compras","21","2","117","false","false","false","false","NEEDS_NORMATIVE_VALIDATION","REQUIRES_PRIMARY_SOURCE_CONFIRMATION","STAGING_ONLY_NOT_ACTIVATED"
"21.8.1","RESERVED_PGC_EXTENSION","21.8","3","118","true","false","false","false","NEEDS_NORMATIVE_VALIDATION","REQUIRES_PRIMARY_SOURCE_CONFIRMATION","STAGING_ONLY_NOT_ACTIVATED"
"21.9","RESERVED_PGC_EXTENSION","21","2","119","true","false","false","false","NEEDS_NORMATIVE_VALIDATION","REQUIRES_PRIMARY_SOURCE_CONFIRMATION","STAGING_ONLY_NOT_ACTIVATED"
"21.9.1","RESERVED_PGC_EXTENSION","21.9","3","120","true","false","false","false","NEEDS_NORMATIVE_VALIDATION","REQUIRES_PRIMARY_SOURCE_CONFIRMATION","STAGING_ONLY_NOT_ACTIVATED"
"22","Matérias-primas, subsidiárias e de consumo","","1","121","false","false","false","false","NEEDS_NORMATIVE_VALIDATION","REQUIRES_PRIMARY_SOURCE_CONFIRMATION","STAGING_ONLY_NOT_ACTIVATED"
"22.1","Matérias-primas","22","2","122","false","false","false","false","NEEDS_NORMATIVE_VALIDATION","REQUIRES_PRIMARY_SOURCE_CONFIRMATION","STAGING_ONLY_NOT_ACTIVATED"
"22.1.1","RESERVED_PGC_EXTENSION","22.1","3","123","true","false","false","false","NEEDS_NORMATIVE_VALIDATION","REQUIRES_PRIMARY_SOURCE_CONFIRMATION","STAGING_ONLY_NOT_ACTIVATED"
"22.2","Matérias subsidiárias","22","2","124","false","false","false","false","NEEDS_NORMATIVE_VALIDATION","REQUIRES_PRIMARY_SOURCE_CONFIRMATION","STAGING_ONLY_NOT_ACTIVATED"
"22.2.1","RESERVED_PGC_EXTENSION","22.2","3","125","true","false","false","false","NEEDS_NORMATIVE_VALIDATION","REQUIRES_PRIMARY_SOURCE_CONFIRMATION","STAGING_ONLY_NOT_ACTIVATED"
"22.3","Materiais diversos","22","2","126","false","false","false","false","NEEDS_NORMATIVE_VALIDATION","REQUIRES_PRIMARY_SOURCE_CONFIRMATION","STAGING_ONLY_NOT_ACTIVATED"
"22.3.1","RESERVED_PGC_EXTENSION","22.3","3","127","true","false","false","false","NEEDS_NORMATIVE_VALIDATION","REQUIRES_PRIMARY_SOURCE_CONFIRMATION","STAGING_ONLY_NOT_ACTIVATED"
"22.4","Embalagens de consumo","22","2","128","false","false","false","false","NEEDS_NORMATIVE_VALIDATION","REQUIRES_PRIMARY_SOURCE_CONFIRMATION","STAGING_ONLY_NOT_ACTIVATED"
"22.4.1","RESERVED_PGC_EXTENSION","22.4","3","129","true","false","false","false","NEEDS_NORMATIVE_VALIDATION","REQUIRES_PRIMARY_SOURCE_CONFIRMATION","STAGING_ONLY_NOT_ACTIVATED"
"22.5","Outros materiais","22","2","130","false","false","false","false","NEEDS_NORMATIVE_VALIDATION","REQUIRES_PRIMARY_SOURCE_CONFIRMATION","STAGING_ONLY_NOT_ACTIVATED"
"22.5.1","RESERVED_PGC_EXTENSION","22.5","3","131","true","false","false","false","NEEDS_NORMATIVE_VALIDATION","REQUIRES_PRIMARY_SOURCE_CONFIRMATION","STAGING_ONLY_NOT_ACTIVATED"
"23","Produtos e trabalhos em curso","","1","132","false","false","false","false","NEEDS_NORMATIVE_VALIDATION","REQUIRES_PRIMARY_SOURCE_CONFIRMATION","STAGING_ONLY_NOT_ACTIVATED"
"23.1","RESERVED_PGC_EXTENSION","23","2","133","true","false","false","false","NEEDS_NORMATIVE_VALIDATION","REQUIRES_PRIMARY_SOURCE_CONFIRMATION","STAGING_ONLY_NOT_ACTIVATED"
"23.2","RESERVED_PGC_EXTENSION","23","2","134","true","false","false","false","NEEDS_NORMATIVE_VALIDATION","REQUIRES_PRIMARY_SOURCE_CONFIRMATION","STAGING_ONLY_NOT_ACTIVATED"
"24","Produtos acabados e intermédios","","1","135","false","false","false","false","NEEDS_NORMATIVE_VALIDATION","REQUIRES_PRIMARY_SOURCE_CONFIRMATION","STAGING_ONLY_NOT_ACTIVATED"
"24.1","Produtos acabados","24","2","136","false","false","false","false","NEEDS_NORMATIVE_VALIDATION","REQUIRES_PRIMARY_SOURCE_CONFIRMATION","STAGING_ONLY_NOT_ACTIVATED"
"24.1.1","RESERVED_PGC_EXTENSION","24.1","3","137","true","false","false","false","NEEDS_NORMATIVE_VALIDATION","REQUIRES_PRIMARY_SOURCE_CONFIRMATION","STAGING_ONLY_NOT_ACTIVATED"
"24.2","Produtos intermédios","24","2","138","false","false","false","false","NEEDS_NORMATIVE_VALIDATION","REQUIRES_PRIMARY_SOURCE_CONFIRMATION","STAGING_ONLY_NOT_ACTIVATED"
"24.2.1","RESERVED_PGC_EXTENSION","24.2","3","139","true","false","false","false","NEEDS_NORMATIVE_VALIDATION","REQUIRES_PRIMARY_SOURCE_CONFIRMATION","STAGING_ONLY_NOT_ACTIVATED"
"24.9","Em poder de terceiros","24","2","140","false","false","false","false","NEEDS_NORMATIVE_VALIDATION","REQUIRES_PRIMARY_SOURCE_CONFIRMATION","STAGING_ONLY_NOT_ACTIVATED"
"24.9.1","RESERVED_PGC_EXTENSION","24.9","3","141","true","false","false","false","NEEDS_NORMATIVE_VALIDATION","REQUIRES_PRIMARY_SOURCE_CONFIRMATION","STAGING_ONLY_NOT_ACTIVATED"
"25","Subprodutos, desperdícios, resíduos e refugos","","1","142","false","false","false","false","NEEDS_NORMATIVE_VALIDATION","REQUIRES_PRIMARY_SOURCE_CONFIRMATION","STAGING_ONLY_NOT_ACTIVATED"
"25.1","Subprodutos","25","2","143","false","false","false","false","NEEDS_NORMATIVE_VALIDATION","REQUIRES_PRIMARY_SOURCE_CONFIRMATION","STAGING_ONLY_NOT_ACTIVATED"
"25.1.1","RESERVED_PGC_EXTENSION","25.1","3","144","true","false","false","false","NEEDS_NORMATIVE_VALIDATION","REQUIRES_PRIMARY_SOURCE_CONFIRMATION","STAGING_ONLY_NOT_ACTIVATED"
"25.2","Desperdícios, resíduos e refugos","25","2","145","false","false","false","false","NEEDS_NORMATIVE_VALIDATION","REQUIRES_PRIMARY_SOURCE_CONFIRMATION","STAGING_ONLY_NOT_ACTIVATED"
"25.2.1","RESERVED_PGC_EXTENSION","25.2","3","146","true","false","false","false","NEEDS_NORMATIVE_VALIDATION","REQUIRES_PRIMARY_SOURCE_CONFIRMATION","STAGING_ONLY_NOT_ACTIVATED"
"26","Mercadorias","","1","147","false","false","false","false","NEEDS_NORMATIVE_VALIDATION","REQUIRES_PRIMARY_SOURCE_CONFIRMATION","STAGING_ONLY_NOT_ACTIVATED"
"26.1","RESERVED_PGC_EXTENSION","26","2","148","true","false","false","false","NEEDS_NORMATIVE_VALIDATION","REQUIRES_PRIMARY_SOURCE_CONFIRMATION","STAGING_ONLY_NOT_ACTIVATED"
"26.2","RESERVED_PGC_EXTENSION","26","2","149","true","false","false","false","NEEDS_NORMATIVE_VALIDATION","REQUIRES_PRIMARY_SOURCE_CONFIRMATION","STAGING_ONLY_NOT_ACTIVATED"
"26.9","Em poder de terceiros","26","2","150","false","false","false","false","NEEDS_NORMATIVE_VALIDATION","REQUIRES_PRIMARY_SOURCE_CONFIRMATION","STAGING_ONLY_NOT_ACTIVATED"
"26.9.1","RESERVED_PGC_EXTENSION","26.9","3","151","true","false","false","false","NEEDS_NORMATIVE_VALIDATION","REQUIRES_PRIMARY_SOURCE_CONFIRMATION","STAGING_ONLY_NOT_ACTIVATED"
"27","Matérias-primas, mercadorias e outros materiais em trânsito","","1","152","false","false","false","false","NEEDS_NORMATIVE_VALIDATION","REQUIRES_PRIMARY_SOURCE_CONFIRMATION","STAGING_ONLY_NOT_ACTIVATED"
"27.1","Matérias-primas","27","2","153","false","false","false","false","NEEDS_NORMATIVE_VALIDATION","REQUIRES_PRIMARY_SOURCE_CONFIRMATION","STAGING_ONLY_NOT_ACTIVATED"
"27.1.1","RESERVED_PGC_EXTENSION","27.1","3","154","true","false","false","false","NEEDS_NORMATIVE_VALIDATION","REQUIRES_PRIMARY_SOURCE_CONFIRMATION","STAGING_ONLY_NOT_ACTIVATED"
"27.2","Outros materiais","27","2","155","false","false","false","false","NEEDS_NORMATIVE_VALIDATION","REQUIRES_PRIMARY_SOURCE_CONFIRMATION","STAGING_ONLY_NOT_ACTIVATED"
"27.2.1","RESERVED_PGC_EXTENSION","27.2","3","156","true","false","false","false","NEEDS_NORMATIVE_VALIDATION","REQUIRES_PRIMARY_SOURCE_CONFIRMATION","STAGING_ONLY_NOT_ACTIVATED"
"27.3","Mercadorias","27","2","157","false","false","false","false","NEEDS_NORMATIVE_VALIDATION","REQUIRES_PRIMARY_SOURCE_CONFIRMATION","STAGING_ONLY_NOT_ACTIVATED"
"27.3.1","RESERVED_PGC_EXTENSION","27.3","3","158","true","false","false","false","NEEDS_NORMATIVE_VALIDATION","REQUIRES_PRIMARY_SOURCE_CONFIRMATION","STAGING_ONLY_NOT_ACTIVATED"
"28","Adiantamentos por conta de compras","","1","159","false","false","false","false","NEEDS_NORMATIVE_VALIDATION","REQUIRES_PRIMARY_SOURCE_CONFIRMATION","STAGING_ONLY_NOT_ACTIVATED"
"28.1","Matérias-primas e outros materiais","28","2","160","false","false","false","false","NEEDS_NORMATIVE_VALIDATION","REQUIRES_PRIMARY_SOURCE_CONFIRMATION","STAGING_ONLY_NOT_ACTIVATED"
"28.1.1","RESERVED_PGC_EXTENSION","28.1","3","161","true","false","false","false","NEEDS_NORMATIVE_VALIDATION","REQUIRES_PRIMARY_SOURCE_CONFIRMATION","STAGING_ONLY_NOT_ACTIVATED"
"28.2","Mercadorias","28","2","162","false","false","false","false","NEEDS_NORMATIVE_VALIDATION","REQUIRES_PRIMARY_SOURCE_CONFIRMATION","STAGING_ONLY_NOT_ACTIVATED"
"28.2.1","RESERVED_PGC_EXTENSION","28.2","3","163","true","false","false","false","NEEDS_NORMATIVE_VALIDATION","REQUIRES_PRIMARY_SOURCE_CONFIRMATION","STAGING_ONLY_NOT_ACTIVATED"
"29","Provisão para depreciação de existências","","1","164","false","false","false","false","NEEDS_NORMATIVE_VALIDATION","REQUIRES_PRIMARY_SOURCE_CONFIRMATION","STAGING_ONLY_NOT_ACTIVATED"
"29.1","RESERVED_PGC_EXTENSION","29","2","165","true","false","false","false","NEEDS_NORMATIVE_VALIDATION","REQUIRES_PRIMARY_SOURCE_CONFIRMATION","STAGING_ONLY_NOT_ACTIVATED"
"29.2","Matérias-primas, subsidiárias e de consumo","29","2","166","false","false","false","false","NEEDS_NORMATIVE_VALIDATION","REQUIRES_PRIMARY_SOURCE_CONFIRMATION","STAGING_ONLY_NOT_ACTIVATED"
"29.2.1","RESERVED_PGC_EXTENSION","29.2","3","167","true","false","false","false","NEEDS_NORMATIVE_VALIDATION","REQUIRES_PRIMARY_SOURCE_CONFIRMATION","STAGING_ONLY_NOT_ACTIVATED"
"29.3","Produtos e trabalhos em curso","29","2","168","false","false","false","false","NEEDS_NORMATIVE_VALIDATION","REQUIRES_PRIMARY_SOURCE_CONFIRMATION","STAGING_ONLY_NOT_ACTIVATED"
"29.3.1","RESERVED_PGC_EXTENSION","29.3","3","169","true","false","false","false","NEEDS_NORMATIVE_VALIDATION","REQUIRES_PRIMARY_SOURCE_CONFIRMATION","STAGING_ONLY_NOT_ACTIVATED"
"29.4","Produtos acabados e intermédios","29","2","170","false","false","false","false","NEEDS_NORMATIVE_VALIDATION","REQUIRES_PRIMARY_SOURCE_CONFIRMATION","STAGING_ONLY_NOT_ACTIVATED"
"29.4.1","RESERVED_PGC_EXTENSION","29.4","3","171","true","false","false","false","NEEDS_NORMATIVE_VALIDATION","REQUIRES_PRIMARY_SOURCE_CONFIRMATION","STAGING_ONLY_NOT_ACTIVATED"
"29.5","Subprodutos, desperdícios, resíduos e refugos","29","2","172","false","false","false","false","NEEDS_NORMATIVE_VALIDATION","REQUIRES_PRIMARY_SOURCE_CONFIRMATION","STAGING_ONLY_NOT_ACTIVATED"
"29.5.1","RESERVED_PGC_EXTENSION","29.5","3","173","true","false","false","false","NEEDS_NORMATIVE_VALIDATION","REQUIRES_PRIMARY_SOURCE_CONFIRMATION","STAGING_ONLY_NOT_ACTIVATED"
"29.6","Mercadorias","29","2","174","false","false","false","false","NEEDS_NORMATIVE_VALIDATION","REQUIRES_PRIMARY_SOURCE_CONFIRMATION","STAGING_ONLY_NOT_ACTIVATED"
"29.6.1","RESERVED_PGC_EXTENSION","29.6","3","175","true","false","false","false","NEEDS_NORMATIVE_VALIDATION","REQUIRES_PRIMARY_SOURCE_CONFIRMATION","STAGING_ONLY_NOT_ACTIVATED"
"31","Clientes","","1","177","false","false","false","false","NEEDS_NORMATIVE_VALIDATION","REQUIRES_PRIMARY_SOURCE_CONFIRMATION","STAGING_ONLY_NOT_ACTIVATED"
"31.1","Clientes — correntes","31","2","178","false","false","false","false","NEEDS_NORMATIVE_VALIDATION","REQUIRES_PRIMARY_SOURCE_CONFIRMATION","STAGING_ONLY_NOT_ACTIVATED"
"31.1.1","Grupo","31.1","3","179","false","false","false","false","NEEDS_NORMATIVE_VALIDATION","REQUIRES_PRIMARY_SOURCE_CONFIRMATION","STAGING_ONLY_NOT_ACTIVATED"
"31.1.1.1","Subsidiárias","31.1.1","4","180","false","false","false","false","NEEDS_NORMATIVE_VALIDATION","REQUIRES_PRIMARY_SOURCE_CONFIRMATION","STAGING_ONLY_NOT_ACTIVATED"
"31.1.1.2","Associadas","31.1.1","4","181","false","false","false","false","NEEDS_NORMATIVE_VALIDATION","REQUIRES_PRIMARY_SOURCE_CONFIRMATION","STAGING_ONLY_NOT_ACTIVATED"
"31.1.2","Não grupo","31.1","3","182","false","false","false","false","NEEDS_NORMATIVE_VALIDATION","REQUIRES_PRIMARY_SOURCE_CONFIRMATION","STAGING_ONLY_NOT_ACTIVATED"
"31.1.2.1","Nacionais","31.1.2","4","183","false","false","false","false","NEEDS_NORMATIVE_VALIDATION","REQUIRES_PRIMARY_SOURCE_CONFIRMATION","STAGING_ONLY_NOT_ACTIVATED"
"31.1.2.2","Estrangeiros","31.1.2","4","184","false","false","false","false","NEEDS_NORMATIVE_VALIDATION","REQUIRES_PRIMARY_SOURCE_CONFIRMATION","STAGING_ONLY_NOT_ACTIVATED"
"31.2","Clientes — títulos a receber","31","2","185","false","false","false","false","NEEDS_NORMATIVE_VALIDATION","REQUIRES_PRIMARY_SOURCE_CONFIRMATION","STAGING_ONLY_NOT_ACTIVATED"
"31.2.1","Grupo","31.2","3","186","false","false","false","false","NEEDS_NORMATIVE_VALIDATION","REQUIRES_PRIMARY_SOURCE_CONFIRMATION","STAGING_ONLY_NOT_ACTIVATED"
"31.2.1.1","Subsidiárias","31.2.1","4","187","false","false","false","false","NEEDS_NORMATIVE_VALIDATION","REQUIRES_PRIMARY_SOURCE_CONFIRMATION","STAGING_ONLY_NOT_ACTIVATED"
"31.2.1.2","Associadas","31.2.1","4","188","false","false","false","false","NEEDS_NORMATIVE_VALIDATION","REQUIRES_PRIMARY_SOURCE_CONFIRMATION","STAGING_ONLY_NOT_ACTIVATED"
"31.2.2","Não grupo","31.2","3","189","false","false","false","false","NEEDS_NORMATIVE_VALIDATION","REQUIRES_PRIMARY_SOURCE_CONFIRMATION","STAGING_ONLY_NOT_ACTIVATED"
"31.2.2.1","Nacionais","31.2.2","4","190","false","false","false","false","NEEDS_NORMATIVE_VALIDATION","REQUIRES_PRIMARY_SOURCE_CONFIRMATION","STAGING_ONLY_NOT_ACTIVATED"
"31.2.2.2","Estrangeiros","31.2.2","4","191","false","false","false","false","NEEDS_NORMATIVE_VALIDATION","REQUIRES_PRIMARY_SOURCE_CONFIRMATION","STAGING_ONLY_NOT_ACTIVATED"
"31.3","Clientes — títulos descontados","31","2","192","false","false","false","false","NEEDS_NORMATIVE_VALIDATION","REQUIRES_PRIMARY_SOURCE_CONFIRMATION","STAGING_ONLY_NOT_ACTIVATED"
"31.3.1","Grupo","31.3","3","193","false","false","false","false","NEEDS_NORMATIVE_VALIDATION","REQUIRES_PRIMARY_SOURCE_CONFIRMATION","STAGING_ONLY_NOT_ACTIVATED"
"31.3.1.1","Subsidiárias","31.3.1","4","194","false","false","false","false","NEEDS_NORMATIVE_VALIDATION","REQUIRES_PRIMARY_SOURCE_CONFIRMATION","STAGING_ONLY_NOT_ACTIVATED"
"31.3.1.2","Associadas","31.3.1","4","195","false","false","false","false","NEEDS_NORMATIVE_VALIDATION","REQUIRES_PRIMARY_SOURCE_CONFIRMATION","STAGING_ONLY_NOT_ACTIVATED"
"31.3.2","Não grupo","31.3","3","196","false","false","false","false","NEEDS_NORMATIVE_VALIDATION","REQUIRES_PRIMARY_SOURCE_CONFIRMATION","STAGING_ONLY_NOT_ACTIVATED"
"31.3.2.1","Nacionais","31.3.2","4","197","false","false","false","false","NEEDS_NORMATIVE_VALIDATION","REQUIRES_PRIMARY_SOURCE_CONFIRMATION","STAGING_ONLY_NOT_ACTIVATED"
"31.3.2.2","Estrangeiros","31.3.2","4","198","false","false","false","false","NEEDS_NORMATIVE_VALIDATION","REQUIRES_PRIMARY_SOURCE_CONFIRMATION","STAGING_ONLY_NOT_ACTIVATED"
"31.8","Clientes de cobrança duvidosa","31","2","199","false","false","false","false","NEEDS_NORMATIVE_VALIDATION","REQUIRES_PRIMARY_SOURCE_CONFIRMATION","STAGING_ONLY_NOT_ACTIVATED"
"31.8.1","Clientes — correntes","31.8","3","200","false","false","false","false","NEEDS_NORMATIVE_VALIDATION","REQUIRES_PRIMARY_SOURCE_CONFIRMATION","STAGING_ONLY_NOT_ACTIVATED"
"31.8.2","Clientes — títulos","31.8","3","201","false","false","false","false","NEEDS_NORMATIVE_VALIDATION","REQUIRES_PRIMARY_SOURCE_CONFIRMATION","STAGING_ONLY_NOT_ACTIVATED"
"31.9","Clientes — saldos credores","31","2","202","false","false","false","false","NEEDS_NORMATIVE_VALIDATION","REQUIRES_PRIMARY_SOURCE_CONFIRMATION","STAGING_ONLY_NOT_ACTIVATED"
"31.9.1","Adiantamentos","31.9","3","203","false","false","false","false","NEEDS_NORMATIVE_VALIDATION","REQUIRES_PRIMARY_SOURCE_CONFIRMATION","STAGING_ONLY_NOT_ACTIVATED"
"31.9.2","Embalagens a devolver","31.9","3","204","false","false","false","false","NEEDS_NORMATIVE_VALIDATION","REQUIRES_PRIMARY_SOURCE_CONFIRMATION","STAGING_ONLY_NOT_ACTIVATED"
"31.9.3","Material à consignação","31.9","3","205","false","false","false","false","NEEDS_NORMATIVE_VALIDATION","REQUIRES_PRIMARY_SOURCE_CONFIRMATION","STAGING_ONLY_NOT_ACTIVATED"
"32","Fornecedores","","1","206","false","false","false","false","NEEDS_NORMATIVE_VALIDATION","REQUIRES_PRIMARY_SOURCE_CONFIRMATION","STAGING_ONLY_NOT_ACTIVATED"
"32.1","Fornecedores — correntes","32","2","207","false","false","false","false","NEEDS_NORMATIVE_VALIDATION","REQUIRES_PRIMARY_SOURCE_CONFIRMATION","STAGING_ONLY_NOT_ACTIVATED"
"32.1.1","Grupo","32.1","3","208","false","false","false","false","NEEDS_NORMATIVE_VALIDATION","REQUIRES_PRIMARY_SOURCE_CONFIRMATION","STAGING_ONLY_NOT_ACTIVATED"
"32.1.1.1","Subsidiárias","32.1.1","4","209","false","false","false","false","NEEDS_NORMATIVE_VALIDATION","REQUIRES_PRIMARY_SOURCE_CONFIRMATION","STAGING_ONLY_NOT_ACTIVATED"
"32.1.1.2","Associadas","32.1.1","4","210","false","false","false","false","NEEDS_NORMATIVE_VALIDATION","REQUIRES_PRIMARY_SOURCE_CONFIRMATION","STAGING_ONLY_NOT_ACTIVATED"
"32.1.2","Não grupo","32.1","3","211","false","false","false","false","NEEDS_NORMATIVE_VALIDATION","REQUIRES_PRIMARY_SOURCE_CONFIRMATION","STAGING_ONLY_NOT_ACTIVATED"
"32.1.2.1","Nacionais","32.1.2","4","212","false","false","false","false","NEEDS_NORMATIVE_VALIDATION","REQUIRES_PRIMARY_SOURCE_CONFIRMATION","STAGING_ONLY_NOT_ACTIVATED"
"32.1.2.2","Estrangeiros","32.1.2","4","213","false","false","false","false","NEEDS_NORMATIVE_VALIDATION","REQUIRES_PRIMARY_SOURCE_CONFIRMATION","STAGING_ONLY_NOT_ACTIVATED"
"32.2","Fornecedores — títulos a pagar","32","2","214","false","false","false","false","NEEDS_NORMATIVE_VALIDATION","REQUIRES_PRIMARY_SOURCE_CONFIRMATION","STAGING_ONLY_NOT_ACTIVATED"
"32.2.1","Grupo","32.2","3","215","false","false","false","false","NEEDS_NORMATIVE_VALIDATION","REQUIRES_PRIMARY_SOURCE_CONFIRMATION","STAGING_ONLY_NOT_ACTIVATED"
"32.2.1.1","Subsidiárias","32.2.1","4","216","false","false","false","false","NEEDS_NORMATIVE_VALIDATION","REQUIRES_PRIMARY_SOURCE_CONFIRMATION","STAGING_ONLY_NOT_ACTIVATED"
"32.2.1.2","Associadas","32.2.1","4","217","false","false","false","false","NEEDS_NORMATIVE_VALIDATION","REQUIRES_PRIMARY_SOURCE_CONFIRMATION","STAGING_ONLY_NOT_ACTIVATED"
"32.2.2","Não grupo","32.2","3","218","false","false","false","false","NEEDS_NORMATIVE_VALIDATION","REQUIRES_PRIMARY_SOURCE_CONFIRMATION","STAGING_ONLY_NOT_ACTIVATED"
"32.2.2.1","Nacionais","32.2.2","4","219","false","false","false","false","NEEDS_NORMATIVE_VALIDATION","REQUIRES_PRIMARY_SOURCE_CONFIRMATION","STAGING_ONLY_NOT_ACTIVATED"
"32.2.2.2","Estrangeiros","32.2.2","4","220","false","false","false","false","NEEDS_NORMATIVE_VALIDATION","REQUIRES_PRIMARY_SOURCE_CONFIRMATION","STAGING_ONLY_NOT_ACTIVATED"
"32.8","Fornecedores — facturas em recepção e conferência","32","2","221","false","false","false","false","NEEDS_NORMATIVE_VALIDATION","REQUIRES_PRIMARY_SOURCE_CONFIRMATION","STAGING_ONLY_NOT_ACTIVATED"
"32.8.1","RESERVED_PGC_EXTENSION","32.8","3","222","true","false","false","false","NEEDS_NORMATIVE_VALIDATION","REQUIRES_PRIMARY_SOURCE_CONFIRMATION","STAGING_ONLY_NOT_ACTIVATED"
"32.9","Fornecedores — saldos devedores","32","2","223","false","false","false","false","NEEDS_NORMATIVE_VALIDATION","REQUIRES_PRIMARY_SOURCE_CONFIRMATION","STAGING_ONLY_NOT_ACTIVATED"
"32.9.1","Adiantamentos","32.9","3","224","false","false","false","false","NEEDS_NORMATIVE_VALIDATION","REQUIRES_PRIMARY_SOURCE_CONFIRMATION","STAGING_ONLY_NOT_ACTIVATED"
"32.9.2","Embalagens a devolver","32.9","3","225","false","false","false","false","NEEDS_NORMATIVE_VALIDATION","REQUIRES_PRIMARY_SOURCE_CONFIRMATION","STAGING_ONLY_NOT_ACTIVATED"
"32.9.3","Material à consignação","32.9","3","226","false","false","false","false","NEEDS_NORMATIVE_VALIDATION","REQUIRES_PRIMARY_SOURCE_CONFIRMATION","STAGING_ONLY_NOT_ACTIVATED"
"33","Empréstimos","","1","227","false","false","false","false","NEEDS_NORMATIVE_VALIDATION","REQUIRES_PRIMARY_SOURCE_CONFIRMATION","STAGING_ONLY_NOT_ACTIVATED"
"33.1","Empréstimos bancários","33","2","228","false","false","false","false","NEEDS_NORMATIVE_VALIDATION","REQUIRES_PRIMARY_SOURCE_CONFIRMATION","STAGING_ONLY_NOT_ACTIVATED"
"33.1.1","Moeda nacional","33.1","3","229","false","false","false","false","NEEDS_NORMATIVE_VALIDATION","REQUIRES_PRIMARY_SOURCE_CONFIRMATION","STAGING_ONLY_NOT_ACTIVATED"
"33.1.1.1","Banco","33.1.1","4","230","false","false","false","false","NEEDS_NORMATIVE_VALIDATION","REQUIRES_PRIMARY_SOURCE_CONFIRMATION","STAGING_ONLY_NOT_ACTIVATED"
"33.1.2","Moeda estrangeira","33.1","3","231","false","false","false","false","NEEDS_NORMATIVE_VALIDATION","REQUIRES_PRIMARY_SOURCE_CONFIRMATION","STAGING_ONLY_NOT_ACTIVATED"
"33.1.2.1","Banco","33.1.2","4","232","false","false","false","false","NEEDS_NORMATIVE_VALIDATION","REQUIRES_PRIMARY_SOURCE_CONFIRMATION","STAGING_ONLY_NOT_ACTIVATED"
"33.2","Empréstimos por obrigações","33","2","233","false","false","false","false","NEEDS_NORMATIVE_VALIDATION","REQUIRES_PRIMARY_SOURCE_CONFIRMATION","STAGING_ONLY_NOT_ACTIVATED"
"33.2.1","Convertíveis","33.2","3","234","false","false","false","false","NEEDS_NORMATIVE_VALIDATION","REQUIRES_PRIMARY_SOURCE_CONFIRMATION","STAGING_ONLY_NOT_ACTIVATED"
"33.2.1.1","Entidade","33.2.1","4","235","false","false","false","false","NEEDS_NORMATIVE_VALIDATION","REQUIRES_PRIMARY_SOURCE_CONFIRMATION","STAGING_ONLY_NOT_ACTIVATED"
"33.2.2","Não convertíveis","33.2","3","236","false","false","false","false","NEEDS_NORMATIVE_VALIDATION","REQUIRES_PRIMARY_SOURCE_CONFIRMATION","STAGING_ONLY_NOT_ACTIVATED"
"33.2.2.1","Entidade","33.2.2","4","237","false","false","false","false","NEEDS_NORMATIVE_VALIDATION","REQUIRES_PRIMARY_SOURCE_CONFIRMATION","STAGING_ONLY_NOT_ACTIVATED"
"33.3","Empréstimos por títulos de participação","33","2","238","false","false","false","false","NEEDS_NORMATIVE_VALIDATION","REQUIRES_PRIMARY_SOURCE_CONFIRMATION","STAGING_ONLY_NOT_ACTIVATED"
"33.3.1","Entidade","33.3","3","239","false","false","false","false","NEEDS_NORMATIVE_VALIDATION","REQUIRES_PRIMARY_SOURCE_CONFIRMATION","STAGING_ONLY_NOT_ACTIVATED"
"33.9","Outros empréstimos obtidos","33","2","240","false","false","false","false","NEEDS_NORMATIVE_VALIDATION","REQUIRES_PRIMARY_SOURCE_CONFIRMATION","STAGING_ONLY_NOT_ACTIVATED"
"33.9.1","Entidade","33.9","3","241","false","false","false","false","NEEDS_NORMATIVE_VALIDATION","REQUIRES_PRIMARY_SOURCE_CONFIRMATION","STAGING_ONLY_NOT_ACTIVATED"
"34","ESTADO","","1","242","false","false","false","false","NEEDS_NORMATIVE_VALIDATION","REQUIRES_PRIMARY_SOURCE_CONFIRMATION","STAGING_ONLY_NOT_ACTIVATED"
"34.1","Imposto sobre os lucros","34","2","244","false","false","false","false","NEEDS_NORMATIVE_VALIDATION","REQUIRES_PRIMARY_SOURCE_CONFIRMATION","STAGING_ONLY_NOT_ACTIVATED"
"34.2","Imposto de produção e consumo","34","2","245","false","false","false","false","NEEDS_NORMATIVE_VALIDATION","REQUIRES_PRIMARY_SOURCE_CONFIRMATION","STAGING_ONLY_NOT_ACTIVATED"
"34.3","Imposto de rendimento de trabalho","34","2","246","false","false","false","false","NEEDS_NORMATIVE_VALIDATION","REQUIRES_PRIMARY_SOURCE_CONFIRMATION","STAGING_ONLY_NOT_ACTIVATED"
"34.4","Imposto de circulação","34","2","247","false","false","false","false","NEEDS_NORMATIVE_VALIDATION","REQUIRES_PRIMARY_SOURCE_CONFIRMATION","STAGING_ONLY_NOT_ACTIVATED"
"34.5","IVA","34","2","248","false","false","true","false","REQUIRES_HUMAN_VALIDATION","REQUIRES_PRIMARY_SOURCE_CONFIRMATION","STAGING_ONLY_NOT_ACTIVATED"
"34.6","Certificado de Crédito Fiscal a Compensar","34","2","249","false","false","true","false","REQUIRES_HUMAN_VALIDATION","REQUIRES_PRIMARY_SOURCE_CONFIRMATION","STAGING_ONLY_NOT_ACTIVATED"
"34.8","Subsídios a preços","34","2","250","false","false","false","false","NEEDS_NORMATIVE_VALIDATION","REQUIRES_PRIMARY_SOURCE_CONFIRMATION","STAGING_ONLY_NOT_ACTIVATED"
"34.9","Outros impostos","34","2","251","false","false","false","false","NEEDS_NORMATIVE_VALIDATION","REQUIRES_PRIMARY_SOURCE_CONFIRMATION","STAGING_ONLY_NOT_ACTIVATED"
"34.5","IVA","34","2","252","false","false","true","false","REQUIRES_HUMAN_VALIDATION","REQUIRES_PRIMARY_SOURCE_CONFIRMATION","STAGING_ONLY_NOT_ACTIVATED"
"34.6","CERTIFICADO DE CRÉDITO FISCAL A COMPENSAR","34","2","255","false","false","true","false","REQUIRES_HUMAN_VALIDATION","REQUIRES_PRIMARY_SOURCE_CONFIRMATION","STAGING_ONLY_NOT_ACTIVATED"
"34.6.1","RESERVED_PGC_EXTENSION","34.6","3","256","true","false","false","false","NEEDS_NORMATIVE_VALIDATION","REQUIRES_PRIMARY_SOURCE_CONFIRMATION","STAGING_ONLY_NOT_ACTIVATED"
"35","ENTIDADES PARTICIPANTES E PARTICIPADAS","","1","257","false","false","false","false","NEEDS_NORMATIVE_VALIDATION","REQUIRES_PRIMARY_SOURCE_CONFIRMATION","STAGING_ONLY_NOT_ACTIVATED"
"35.1","Entidades participantes","35","2","258","false","false","false","false","NEEDS_NORMATIVE_VALIDATION","REQUIRES_PRIMARY_SOURCE_CONFIRMATION","STAGING_ONLY_NOT_ACTIVATED"
"35.1.1","Estado","35.1","3","259","false","false","false","false","NEEDS_NORMATIVE_VALIDATION","REQUIRES_PRIMARY_SOURCE_CONFIRMATION","STAGING_ONLY_NOT_ACTIVATED"
"35.1.1.1","C/subscrição","35.1.1","4","261","false","false","false","false","NEEDS_NORMATIVE_VALIDATION","REQUIRES_PRIMARY_SOURCE_CONFIRMATION","STAGING_ONLY_NOT_ACTIVATED"
"35.1.1.2","C/adiantamentos sobre lucros","35.1.1","4","262","false","false","false","false","NEEDS_NORMATIVE_VALIDATION","REQUIRES_PRIMARY_SOURCE_CONFIRMATION","STAGING_ONLY_NOT_ACTIVATED"
"35.1.1.3","C/lucros","35.1.1","4","263","false","false","false","false","NEEDS_NORMATIVE_VALIDATION","REQUIRES_PRIMARY_SOURCE_CONFIRMATION","STAGING_ONLY_NOT_ACTIVATED"
"35.1.1.4","Empréstimos","35.1.1","4","264","false","false","false","false","NEEDS_NORMATIVE_VALIDATION","REQUIRES_PRIMARY_SOURCE_CONFIRMATION","STAGING_ONLY_NOT_ACTIVATED"
"35.1.2","Empresas do grupo — subsidiárias","35.1","3","265","false","false","false","false","NEEDS_NORMATIVE_VALIDATION","REQUIRES_PRIMARY_SOURCE_CONFIRMATION","STAGING_ONLY_NOT_ACTIVATED"
"35.1.2.1","C/subscrição","35.1.2","4","268","false","false","false","false","NEEDS_NORMATIVE_VALIDATION","REQUIRES_PRIMARY_SOURCE_CONFIRMATION","STAGING_ONLY_NOT_ACTIVATED"
"35.1.2.2","C/adiantamentos sobre lucros","35.1.2","4","269","false","false","false","false","NEEDS_NORMATIVE_VALIDATION","REQUIRES_PRIMARY_SOURCE_CONFIRMATION","STAGING_ONLY_NOT_ACTIVATED"
"35.1.2.3","C/lucros","35.1.2","4","270","false","false","false","false","NEEDS_NORMATIVE_VALIDATION","REQUIRES_PRIMARY_SOURCE_CONFIRMATION","STAGING_ONLY_NOT_ACTIVATED"
"35.1.2.4","Empréstimos","35.1.2","4","271","false","false","false","false","NEEDS_NORMATIVE_VALIDATION","REQUIRES_PRIMARY_SOURCE_CONFIRMATION","STAGING_ONLY_NOT_ACTIVATED"
"35.1.3","Empresas do grupo — associadas","35.1","3","272","false","false","false","false","NEEDS_NORMATIVE_VALIDATION","REQUIRES_PRIMARY_SOURCE_CONFIRMATION","STAGING_ONLY_NOT_ACTIVATED"
"35.1.3.1","C/subscrição","35.1.3","4","275","false","false","false","false","NEEDS_NORMATIVE_VALIDATION","REQUIRES_PRIMARY_SOURCE_CONFIRMATION","STAGING_ONLY_NOT_ACTIVATED"
"35.1.3.2","C/adiantamentos sobre lucros","35.1.3","4","276","false","false","false","false","NEEDS_NORMATIVE_VALIDATION","REQUIRES_PRIMARY_SOURCE_CONFIRMATION","STAGING_ONLY_NOT_ACTIVATED"
"35.1.3.3","C/lucros","35.1.3","4","277","false","false","false","false","NEEDS_NORMATIVE_VALIDATION","REQUIRES_PRIMARY_SOURCE_CONFIRMATION","STAGING_ONLY_NOT_ACTIVATED"
"35.1.3.4","Empréstimos","35.1.3","4","278","false","false","false","false","NEEDS_NORMATIVE_VALIDATION","REQUIRES_PRIMARY_SOURCE_CONFIRMATION","STAGING_ONLY_NOT_ACTIVATED"
"35.1.4","Outros","35.1","3","279","false","true","false","false","REQUIRES_HUMAN_VALIDATION","REQUIRES_PRIMARY_SOURCE_CONFIRMATION","STAGING_ONLY_NOT_ACTIVATED"
"35.1.4.1","C/subscrição","35.1.4","4","282","false","false","false","false","NEEDS_NORMATIVE_VALIDATION","REQUIRES_PRIMARY_SOURCE_CONFIRMATION","STAGING_ONLY_NOT_ACTIVATED"
"35.1.4.2","C/adiantamentos sobre lucros","35.1.4","4","283","false","false","false","false","NEEDS_NORMATIVE_VALIDATION","REQUIRES_PRIMARY_SOURCE_CONFIRMATION","STAGING_ONLY_NOT_ACTIVATED"
"35.1.4.3","C/lucros","35.1.4","4","284","false","false","false","false","NEEDS_NORMATIVE_VALIDATION","REQUIRES_PRIMARY_SOURCE_CONFIRMATION","STAGING_ONLY_NOT_ACTIVATED"
"35.1.4.4","Empréstimos","35.1.4","4","285","false","false","false","false","NEEDS_NORMATIVE_VALIDATION","REQUIRES_PRIMARY_SOURCE_CONFIRMATION","STAGING_ONLY_NOT_ACTIVATED"
"35.2","Entidades participadas","35","2","286","false","false","false","false","NEEDS_NORMATIVE_VALIDATION","REQUIRES_PRIMARY_SOURCE_CONFIRMATION","STAGING_ONLY_NOT_ACTIVATED"
"35.2.1","Estado","35.2","3","287","false","false","false","false","NEEDS_NORMATIVE_VALIDATION","REQUIRES_PRIMARY_SOURCE_CONFIRMATION","STAGING_ONLY_NOT_ACTIVATED"
"35.2.1.1","C/subscrição","35.2.1","4","289","false","false","false","false","NEEDS_NORMATIVE_VALIDATION","REQUIRES_PRIMARY_SOURCE_CONFIRMATION","STAGING_ONLY_NOT_ACTIVATED"
"35.2.1.2","C/adiantamentos sobre lucros","35.2.1","4","290","false","false","false","false","NEEDS_NORMATIVE_VALIDATION","REQUIRES_PRIMARY_SOURCE_CONFIRMATION","STAGING_ONLY_NOT_ACTIVATED"
"35.2.1.3","C/lucros","35.2.1","4","291","false","false","false","false","NEEDS_NORMATIVE_VALIDATION","REQUIRES_PRIMARY_SOURCE_CONFIRMATION","STAGING_ONLY_NOT_ACTIVATED"
"35.2.1.4","Empréstimos","35.2.1","4","292","false","false","false","false","NEEDS_NORMATIVE_VALIDATION","REQUIRES_PRIMARY_SOURCE_CONFIRMATION","STAGING_ONLY_NOT_ACTIVATED"
"35.2.2","Empresas do grupo — subsidiárias","35.2","3","293","false","false","false","false","NEEDS_NORMATIVE_VALIDATION","REQUIRES_PRIMARY_SOURCE_CONFIRMATION","STAGING_ONLY_NOT_ACTIVATED"
"35.2.2.1","C/subscrição","35.2.2","4","296","false","false","false","false","NEEDS_NORMATIVE_VALIDATION","REQUIRES_PRIMARY_SOURCE_CONFIRMATION","STAGING_ONLY_NOT_ACTIVATED"
"35.2.2.2","C/adiantamentos sobre lucros","35.2.2","4","297","false","false","false","false","NEEDS_NORMATIVE_VALIDATION","REQUIRES_PRIMARY_SOURCE_CONFIRMATION","STAGING_ONLY_NOT_ACTIVATED"
"35.2.2.3","C/lucros","35.2.2","4","298","false","false","false","false","NEEDS_NORMATIVE_VALIDATION","REQUIRES_PRIMARY_SOURCE_CONFIRMATION","STAGING_ONLY_NOT_ACTIVATED"
"35.2.2.4","Empréstimos","35.2.2","4","299","false","false","false","false","NEEDS_NORMATIVE_VALIDATION","REQUIRES_PRIMARY_SOURCE_CONFIRMATION","STAGING_ONLY_NOT_ACTIVATED"
"35.2.3","Empresas do grupo — associadas","35.2","3","300","false","false","false","false","NEEDS_NORMATIVE_VALIDATION","REQUIRES_PRIMARY_SOURCE_CONFIRMATION","STAGING_ONLY_NOT_ACTIVATED"
"35.2.3.1","C/subscrição","35.2.3","4","303","false","false","false","false","NEEDS_NORMATIVE_VALIDATION","REQUIRES_PRIMARY_SOURCE_CONFIRMATION","STAGING_ONLY_NOT_ACTIVATED"
"35.2.3.2","C/adiantamentos sobre lucros","35.2.3","4","304","false","false","false","false","NEEDS_NORMATIVE_VALIDATION","REQUIRES_PRIMARY_SOURCE_CONFIRMATION","STAGING_ONLY_NOT_ACTIVATED"
"35.2.3.3","C/lucros","35.2.3","4","305","false","false","false","false","NEEDS_NORMATIVE_VALIDATION","REQUIRES_PRIMARY_SOURCE_CONFIRMATION","STAGING_ONLY_NOT_ACTIVATED"
"35.2.3.4","Empréstimos","35.2.3","4","306","false","false","false","false","NEEDS_NORMATIVE_VALIDATION","REQUIRES_PRIMARY_SOURCE_CONFIRMATION","STAGING_ONLY_NOT_ACTIVATED"
"35.2.4","Outros","35.2","3","307","false","true","false","false","REQUIRES_HUMAN_VALIDATION","REQUIRES_PRIMARY_SOURCE_CONFIRMATION","STAGING_ONLY_NOT_ACTIVATED"
"35.2.4.1","C/subscrição","35.2.4","4","310","false","false","false","false","NEEDS_NORMATIVE_VALIDATION","REQUIRES_PRIMARY_SOURCE_CONFIRMATION","STAGING_ONLY_NOT_ACTIVATED"
"35.2.4.2","C/adiantamentos sobre lucros","35.2.4","4","311","false","false","false","false","NEEDS_NORMATIVE_VALIDATION","REQUIRES_PRIMARY_SOURCE_CONFIRMATION","STAGING_ONLY_NOT_ACTIVATED"
"35.2.4.3","C/lucros","35.2.4","4","312","false","false","false","false","NEEDS_NORMATIVE_VALIDATION","REQUIRES_PRIMARY_SOURCE_CONFIRMATION","STAGING_ONLY_NOT_ACTIVATED"
"35.2.4.4","Empréstimos","35.2.4","4","313","false","false","false","false","NEEDS_NORMATIVE_VALIDATION","REQUIRES_PRIMARY_SOURCE_CONFIRMATION","STAGING_ONLY_NOT_ACTIVATED"
"36","PESSOAL","","1","314","false","false","false","false","NEEDS_NORMATIVE_VALIDATION","REQUIRES_PRIMARY_SOURCE_CONFIRMATION","STAGING_ONLY_NOT_ACTIVATED"
"36.1","Pessoal — remunerações","36","2","315","false","false","false","false","NEEDS_NORMATIVE_VALIDATION","REQUIRES_PRIMARY_SOURCE_CONFIRMATION","STAGING_ONLY_NOT_ACTIVATED"
"36.1.1","Órgãos sociais","36.1","3","317","false","false","false","false","NEEDS_NORMATIVE_VALIDATION","REQUIRES_PRIMARY_SOURCE_CONFIRMATION","STAGING_ONLY_NOT_ACTIVATED"
"36.1.1.1","RESERVED_PGC_EXTENSION","36.1.1","4","318","true","false","false","false","NEEDS_NORMATIVE_VALIDATION","REQUIRES_PRIMARY_SOURCE_CONFIRMATION","STAGING_ONLY_NOT_ACTIVATED"
"36.1.2","Empregados","36.1","3","319","false","false","false","false","NEEDS_NORMATIVE_VALIDATION","REQUIRES_PRIMARY_SOURCE_CONFIRMATION","STAGING_ONLY_NOT_ACTIVATED"
"36.1.2.1","RESERVED_PGC_EXTENSION","36.1.2","4","320","true","false","false","false","NEEDS_NORMATIVE_VALIDATION","REQUIRES_PRIMARY_SOURCE_CONFIRMATION","STAGING_ONLY_NOT_ACTIVATED"
"36.2","Pessoal — participação nos resultados","36","2","321","false","false","false","false","NEEDS_NORMATIVE_VALIDATION","REQUIRES_PRIMARY_SOURCE_CONFIRMATION","STAGING_ONLY_NOT_ACTIVATED"
"36.2.1","Órgãos sociais","36.2","3","324","false","false","false","false","NEEDS_NORMATIVE_VALIDATION","REQUIRES_PRIMARY_SOURCE_CONFIRMATION","STAGING_ONLY_NOT_ACTIVATED"
"36.2.1.1","RESERVED_PGC_EXTENSION","36.2.1","4","325","true","false","false","false","NEEDS_NORMATIVE_VALIDATION","REQUIRES_PRIMARY_SOURCE_CONFIRMATION","STAGING_ONLY_NOT_ACTIVATED"
"36.2.2","Empregados","36.2","3","326","false","false","false","false","NEEDS_NORMATIVE_VALIDATION","REQUIRES_PRIMARY_SOURCE_CONFIRMATION","STAGING_ONLY_NOT_ACTIVATED"
"36.2.2.1","RESERVED_PGC_EXTENSION","36.2.2","4","327","true","false","false","false","NEEDS_NORMATIVE_VALIDATION","REQUIRES_PRIMARY_SOURCE_CONFIRMATION","STAGING_ONLY_NOT_ACTIVATED"
"36.3","Pessoal — adiantamentos","36","2","328","false","false","false","false","NEEDS_NORMATIVE_VALIDATION","REQUIRES_PRIMARY_SOURCE_CONFIRMATION","STAGING_ONLY_NOT_ACTIVATED"
"36.3.1","RESERVED_PGC_EXTENSION","36.3","3","331","true","false","false","false","NEEDS_NORMATIVE_VALIDATION","REQUIRES_PRIMARY_SOURCE_CONFIRMATION","STAGING_ONLY_NOT_ACTIVATED"
"36.9","Pessoal — outros","36","2","332","false","false","false","false","NEEDS_NORMATIVE_VALIDATION","REQUIRES_PRIMARY_SOURCE_CONFIRMATION","STAGING_ONLY_NOT_ACTIVATED"
"36.9.1","RESERVED_PGC_EXTENSION","36.9","3","335","true","false","false","false","NEEDS_NORMATIVE_VALIDATION","REQUIRES_PRIMARY_SOURCE_CONFIRMATION","STAGING_ONLY_NOT_ACTIVATED"
"37","OUTROS VALORES A RECEBER E A PAGAR","","1","336","false","false","false","false","NEEDS_NORMATIVE_VALIDATION","REQUIRES_PRIMARY_SOURCE_CONFIRMATION","STAGING_ONLY_NOT_ACTIVATED"
"37.9.1","RESERVED_PGC_EXTENSION","37.9","3","337","true","false","false","true","REQUIRES_HUMAN_VALIDATION","REQUIRES_PRIMARY_SOURCE_CONFIRMATION","STAGING_ONLY_NOT_ACTIVATED"
"38","PROVISÕES PARA COBRANÇAS DUVIDOSAS","","1","338","false","false","false","false","NEEDS_NORMATIVE_VALIDATION","REQUIRES_PRIMARY_SOURCE_CONFIRMATION","STAGING_ONLY_NOT_ACTIVATED"
"38.1","Provisões para clientes","38","2","339","false","false","false","false","NEEDS_NORMATIVE_VALIDATION","REQUIRES_PRIMARY_SOURCE_CONFIRMATION","STAGING_ONLY_NOT_ACTIVATED"
"38.1.1","Clientes — correntes","38.1","3","340","false","false","false","false","NEEDS_NORMATIVE_VALIDATION","REQUIRES_PRIMARY_SOURCE_CONFIRMATION","STAGING_ONLY_NOT_ACTIVATED"
"38.1.1.1","Grupo","38.1.1","4","343","false","false","false","false","NEEDS_NORMATIVE_VALIDATION","REQUIRES_PRIMARY_SOURCE_CONFIRMATION","STAGING_ONLY_NOT_ACTIVATED"
"38.1.1.2","Não grupo","38.1.1","4","344","false","false","false","false","NEEDS_NORMATIVE_VALIDATION","REQUIRES_PRIMARY_SOURCE_CONFIRMATION","STAGING_ONLY_NOT_ACTIVATED"
"38.1.2","Clientes — títulos a receber","38.1","3","345","false","false","false","false","NEEDS_NORMATIVE_VALIDATION","REQUIRES_PRIMARY_SOURCE_CONFIRMATION","STAGING_ONLY_NOT_ACTIVATED"
"38.1.2.1","Grupo","38.1.2","4","348","false","false","false","false","NEEDS_NORMATIVE_VALIDATION","REQUIRES_PRIMARY_SOURCE_CONFIRMATION","STAGING_ONLY_NOT_ACTIVATED"
"38.1.2.2","Não grupo","38.1.2","4","349","false","false","false","false","NEEDS_NORMATIVE_VALIDATION","REQUIRES_PRIMARY_SOURCE_CONFIRMATION","STAGING_ONLY_NOT_ACTIVATED"
"38.1.3","Clientes — cobrança duvidosa","38.1","3","350","false","false","false","false","NEEDS_NORMATIVE_VALIDATION","REQUIRES_PRIMARY_SOURCE_CONFIRMATION","STAGING_ONLY_NOT_ACTIVATED"
"38.1.3.1","Grupo","38.1.3","4","353","false","false","false","false","NEEDS_NORMATIVE_VALIDATION","REQUIRES_PRIMARY_SOURCE_CONFIRMATION","STAGING_ONLY_NOT_ACTIVATED"
"38.1.3.2","Não grupo","38.1.3","4","354","false","false","false","false","NEEDS_NORMATIVE_VALIDATION","REQUIRES_PRIMARY_SOURCE_CONFIRMATION","STAGING_ONLY_NOT_ACTIVATED"
"38.2","Provisões para saldos devedores de fornecedores","38","2","355","false","false","false","false","NEEDS_NORMATIVE_VALIDATION","REQUIRES_PRIMARY_SOURCE_CONFIRMATION","STAGING_ONLY_NOT_ACTIVATED"
"38.2.1","RESERVED_PGC_EXTENSION","38.2","3","358","true","false","false","false","NEEDS_NORMATIVE_VALIDATION","REQUIRES_PRIMARY_SOURCE_CONFIRMATION","STAGING_ONLY_NOT_ACTIVATED"
"38.3","Provisões para participantes e participadas","38","2","359","false","false","false","false","NEEDS_NORMATIVE_VALIDATION","REQUIRES_PRIMARY_SOURCE_CONFIRMATION","STAGING_ONLY_NOT_ACTIVATED"
"38.3.1","Participantes","38.3","3","362","false","false","false","false","NEEDS_NORMATIVE_VALIDATION","REQUIRES_PRIMARY_SOURCE_CONFIRMATION","STAGING_ONLY_NOT_ACTIVATED"
"38.3.2","Participadas","38.3","3","363","false","false","false","false","NEEDS_NORMATIVE_VALIDATION","REQUIRES_PRIMARY_SOURCE_CONFIRMATION","STAGING_ONLY_NOT_ACTIVATED"
"38.4","Provisões para dívidas do pessoal","38","2","364","false","false","false","false","NEEDS_NORMATIVE_VALIDATION","REQUIRES_PRIMARY_SOURCE_CONFIRMATION","STAGING_ONLY_NOT_ACTIVATED"
"38.4.1","RESERVED_PGC_EXTENSION","38.4","3","367","true","false","false","false","NEEDS_NORMATIVE_VALIDATION","REQUIRES_PRIMARY_SOURCE_CONFIRMATION","STAGING_ONLY_NOT_ACTIVATED"
"38.9","Provisões para outros saldos a receber","38","2","368","false","false","false","false","NEEDS_NORMATIVE_VALIDATION","REQUIRES_PRIMARY_SOURCE_CONFIRMATION","STAGING_ONLY_NOT_ACTIVATED"
"38.9.1","Vendas de imobilizado","38.9","3","371","false","false","false","false","NEEDS_NORMATIVE_VALIDATION","REQUIRES_PRIMARY_SOURCE_CONFIRMATION","STAGING_ONLY_NOT_ACTIVATED"
"39","PROVISÕES PARA OUTROS RISCOS E ENCARGOS","","1","372","false","false","false","false","NEEDS_NORMATIVE_VALIDATION","REQUIRES_PRIMARY_SOURCE_CONFIRMATION","STAGING_ONLY_NOT_ACTIVATED"
"39.1","Provisões para pensões","39","2","373","false","false","false","false","NEEDS_NORMATIVE_VALIDATION","REQUIRES_PRIMARY_SOURCE_CONFIRMATION","STAGING_ONLY_NOT_ACTIVATED"
"39.1.1","RESERVED_PGC_EXTENSION","39.1","3","375","true","false","false","false","NEEDS_NORMATIVE_VALIDATION","REQUIRES_PRIMARY_SOURCE_CONFIRMATION","STAGING_ONLY_NOT_ACTIVATED"
"39.2","Provisões para processos judiciais em curso","39","2","376","false","false","false","false","NEEDS_NORMATIVE_VALIDATION","REQUIRES_PRIMARY_SOURCE_CONFIRMATION","STAGING_ONLY_NOT_ACTIVATED"
"39.2.1","RESERVED_PGC_EXTENSION","39.2","3","379","true","false","false","false","NEEDS_NORMATIVE_VALIDATION","REQUIRES_PRIMARY_SOURCE_CONFIRMATION","STAGING_ONLY_NOT_ACTIVATED"
"39.3","Provisões para acidentes de trabalho","39","2","380","false","false","false","false","NEEDS_NORMATIVE_VALIDATION","REQUIRES_PRIMARY_SOURCE_CONFIRMATION","STAGING_ONLY_NOT_ACTIVATED"
"39.3.1","RESERVED_PGC_EXTENSION","39.3","3","383","true","false","false","false","NEEDS_NORMATIVE_VALIDATION","REQUIRES_PRIMARY_SOURCE_CONFIRMATION","STAGING_ONLY_NOT_ACTIVATED"
"39.4","Provisões para garantias dadas a clientes","39","2","384","false","false","false","false","NEEDS_NORMATIVE_VALIDATION","REQUIRES_PRIMARY_SOURCE_CONFIRMATION","STAGING_ONLY_NOT_ACTIVATED"
"39.4.1","RESERVED_PGC_EXTENSION","39.4","3","387","true","false","false","false","NEEDS_NORMATIVE_VALIDATION","REQUIRES_PRIMARY_SOURCE_CONFIRMATION","STAGING_ONLY_NOT_ACTIVATED"
"39.9","Provisões para outros riscos e encargos","39","2","388","false","false","false","false","NEEDS_NORMATIVE_VALIDATION","REQUIRES_PRIMARY_SOURCE_CONFIRMATION","STAGING_ONLY_NOT_ACTIVATED"
"39.9.1","RESERVED_PGC_EXTENSION","39.9","3","391","true","false","false","false","NEEDS_NORMATIVE_VALIDATION","REQUIRES_PRIMARY_SOURCE_CONFIRMATION","STAGING_ONLY_NOT_ACTIVATED"
"41","Títulos negociáveis","","1","393","false","false","false","false","NEEDS_NORMATIVE_VALIDATION","REQUIRES_PRIMARY_SOURCE_CONFIRMATION","STAGING_ONLY_NOT_ACTIVATED"
"41.1","Acções","41","2","394","false","false","false","false","NEEDS_NORMATIVE_VALIDATION","REQUIRES_PRIMARY_SOURCE_CONFIRMATION","STAGING_ONLY_NOT_ACTIVATED"
"41.1.1","Empresas do grupo","41.1","3","396","false","false","false","false","NEEDS_NORMATIVE_VALIDATION","REQUIRES_PRIMARY_SOURCE_CONFIRMATION","STAGING_ONLY_NOT_ACTIVATED"
"41.1.2","Associadas","41.1","3","397","false","false","false","false","NEEDS_NORMATIVE_VALIDATION","REQUIRES_PRIMARY_SOURCE_CONFIRMATION","STAGING_ONLY_NOT_ACTIVATED"
"41.1.3","Outras empresas","41.1","3","398","false","false","false","false","NEEDS_NORMATIVE_VALIDATION","REQUIRES_PRIMARY_SOURCE_CONFIRMATION","STAGING_ONLY_NOT_ACTIVATED"
"41.2","Obrigações","41","2","399","false","false","false","false","NEEDS_NORMATIVE_VALIDATION","REQUIRES_PRIMARY_SOURCE_CONFIRMATION","STAGING_ONLY_NOT_ACTIVATED"
"41.2.1","Empresas do grupo","41.2","3","402","false","false","false","false","NEEDS_NORMATIVE_VALIDATION","REQUIRES_PRIMARY_SOURCE_CONFIRMATION","STAGING_ONLY_NOT_ACTIVATED"
"41.2.2","Associadas","41.2","3","403","false","false","false","false","NEEDS_NORMATIVE_VALIDATION","REQUIRES_PRIMARY_SOURCE_CONFIRMATION","STAGING_ONLY_NOT_ACTIVATED"
"41.2.3","Outras empresas","41.2","3","404","false","false","false","false","NEEDS_NORMATIVE_VALIDATION","REQUIRES_PRIMARY_SOURCE_CONFIRMATION","STAGING_ONLY_NOT_ACTIVATED"
"41.3","Títulos da dívida pública","41","2","405","false","false","false","false","NEEDS_NORMATIVE_VALIDATION","REQUIRES_PRIMARY_SOURCE_CONFIRMATION","STAGING_ONLY_NOT_ACTIVATED"
"41.3.1","RESERVED_PGC_EXTENSION","41.3","3","408","true","false","false","false","NEEDS_NORMATIVE_VALIDATION","REQUIRES_PRIMARY_SOURCE_CONFIRMATION","STAGING_ONLY_NOT_ACTIVATED"
"42","Depósitos a prazo","","1","409","false","false","false","false","NEEDS_NORMATIVE_VALIDATION","REQUIRES_PRIMARY_SOURCE_CONFIRMATION","STAGING_ONLY_NOT_ACTIVATED"
"42.1","Moeda nacional","42","2","410","false","false","false","false","NEEDS_NORMATIVE_VALIDATION","REQUIRES_PRIMARY_SOURCE_CONFIRMATION","STAGING_ONLY_NOT_ACTIVATED"
"42.1.1","Banco","42.1","3","412","false","false","false","false","NEEDS_NORMATIVE_VALIDATION","REQUIRES_PRIMARY_SOURCE_CONFIRMATION","STAGING_ONLY_NOT_ACTIVATED"
"42.1.2","Banco","42.1","3","413","false","false","false","false","NEEDS_NORMATIVE_VALIDATION","REQUIRES_PRIMARY_SOURCE_CONFIRMATION","STAGING_ONLY_NOT_ACTIVATED"
"42.2","Moeda estrangeira","42","2","414","false","false","false","false","NEEDS_NORMATIVE_VALIDATION","REQUIRES_PRIMARY_SOURCE_CONFIRMATION","STAGING_ONLY_NOT_ACTIVATED"
"42.2.1","Banco","42.2","3","417","false","false","false","false","NEEDS_NORMATIVE_VALIDATION","REQUIRES_PRIMARY_SOURCE_CONFIRMATION","STAGING_ONLY_NOT_ACTIVATED"
"42.2.2","Banco","42.2","3","418","false","false","false","false","NEEDS_NORMATIVE_VALIDATION","REQUIRES_PRIMARY_SOURCE_CONFIRMATION","STAGING_ONLY_NOT_ACTIVATED"
"43","Depósitos à ordem","","1","419","false","false","false","false","NEEDS_NORMATIVE_VALIDATION","REQUIRES_PRIMARY_SOURCE_CONFIRMATION","STAGING_ONLY_NOT_ACTIVATED"
"43.1","Moeda nacional","43","2","420","false","false","false","false","NEEDS_NORMATIVE_VALIDATION","REQUIRES_PRIMARY_SOURCE_CONFIRMATION","STAGING_ONLY_NOT_ACTIVATED"
"43.1.1","Banco","43.1","3","422","false","false","false","false","NEEDS_NORMATIVE_VALIDATION","REQUIRES_PRIMARY_SOURCE_CONFIRMATION","STAGING_ONLY_NOT_ACTIVATED"
"43.1.2","Banco","43.1","3","423","false","false","false","false","NEEDS_NORMATIVE_VALIDATION","REQUIRES_PRIMARY_SOURCE_CONFIRMATION","STAGING_ONLY_NOT_ACTIVATED"
"43.2","Moeda estrangeira","43","2","424","false","false","false","false","NEEDS_NORMATIVE_VALIDATION","REQUIRES_PRIMARY_SOURCE_CONFIRMATION","STAGING_ONLY_NOT_ACTIVATED"
"43.2.1","Banco","43.2","3","427","false","false","false","false","NEEDS_NORMATIVE_VALIDATION","REQUIRES_PRIMARY_SOURCE_CONFIRMATION","STAGING_ONLY_NOT_ACTIVATED"
"43.2.2","Banco","43.2","3","428","false","false","false","false","NEEDS_NORMATIVE_VALIDATION","REQUIRES_PRIMARY_SOURCE_CONFIRMATION","STAGING_ONLY_NOT_ACTIVATED"
"44","Outros depósitos","","1","431","false","false","false","false","NEEDS_NORMATIVE_VALIDATION","REQUIRES_PRIMARY_SOURCE_CONFIRMATION","STAGING_ONLY_NOT_ACTIVATED"
"44.1","Moeda nacional","44","2","432","false","false","false","false","NEEDS_NORMATIVE_VALIDATION","REQUIRES_PRIMARY_SOURCE_CONFIRMATION","STAGING_ONLY_NOT_ACTIVATED"
"44.1.1","Banco","44.1","3","434","false","false","false","false","NEEDS_NORMATIVE_VALIDATION","REQUIRES_PRIMARY_SOURCE_CONFIRMATION","STAGING_ONLY_NOT_ACTIVATED"
"44.1.2","Banco","44.1","3","435","false","false","false","false","NEEDS_NORMATIVE_VALIDATION","REQUIRES_PRIMARY_SOURCE_CONFIRMATION","STAGING_ONLY_NOT_ACTIVATED"
"44.2","Moeda estrangeira","44","2","436","false","false","false","false","NEEDS_NORMATIVE_VALIDATION","REQUIRES_PRIMARY_SOURCE_CONFIRMATION","STAGING_ONLY_NOT_ACTIVATED"
"44.2.1","Banco","44.2","3","439","false","false","false","false","NEEDS_NORMATIVE_VALIDATION","REQUIRES_PRIMARY_SOURCE_CONFIRMATION","STAGING_ONLY_NOT_ACTIVATED"
"44.2.2","Banco","44.2","3","440","false","false","false","false","NEEDS_NORMATIVE_VALIDATION","REQUIRES_PRIMARY_SOURCE_CONFIRMATION","STAGING_ONLY_NOT_ACTIVATED"
"45","Caixa","","1","441","false","false","false","false","NEEDS_NORMATIVE_VALIDATION","REQUIRES_PRIMARY_SOURCE_CONFIRMATION","STAGING_ONLY_NOT_ACTIVATED"
"45.1","Fundo fixo","45","2","442","false","false","false","false","NEEDS_NORMATIVE_VALIDATION","REQUIRES_PRIMARY_SOURCE_CONFIRMATION","STAGING_ONLY_NOT_ACTIVATED"
"45.1.1","Caixa","45.1","3","444","false","false","false","false","NEEDS_NORMATIVE_VALIDATION","REQUIRES_PRIMARY_SOURCE_CONFIRMATION","STAGING_ONLY_NOT_ACTIVATED"
"45.1.2","Caixa","45.1","3","445","false","false","false","false","NEEDS_NORMATIVE_VALIDATION","REQUIRES_PRIMARY_SOURCE_CONFIRMATION","STAGING_ONLY_NOT_ACTIVATED"
"45.2","Valores para depositar","45","2","446","false","false","false","false","NEEDS_NORMATIVE_VALIDATION","REQUIRES_PRIMARY_SOURCE_CONFIRMATION","STAGING_ONLY_NOT_ACTIVATED"
"45.2.1","RESERVED_PGC_EXTENSION","45.2","3","449","true","false","false","false","NEEDS_NORMATIVE_VALIDATION","REQUIRES_PRIMARY_SOURCE_CONFIRMATION","STAGING_ONLY_NOT_ACTIVATED"
"45.3","Valores destinados a pagamentos específicos","45","2","450","false","false","false","false","NEEDS_NORMATIVE_VALIDATION","REQUIRES_PRIMARY_SOURCE_CONFIRMATION","STAGING_ONLY_NOT_ACTIVATED"
"45.3.1","Salários","45.3","3","453","false","false","false","false","NEEDS_NORMATIVE_VALIDATION","REQUIRES_PRIMARY_SOURCE_CONFIRMATION","STAGING_ONLY_NOT_ACTIVATED"
"48","Conta transitória","","1","454","false","false","false","false","NEEDS_NORMATIVE_VALIDATION","REQUIRES_PRIMARY_SOURCE_CONFIRMATION","STAGING_ONLY_NOT_ACTIVATED"
"48.1","Banco","48","2","455","false","false","false","false","NEEDS_NORMATIVE_VALIDATION","REQUIRES_PRIMARY_SOURCE_CONFIRMATION","STAGING_ONLY_NOT_ACTIVATED"
"48.2","Banco","48","2","456","false","false","false","false","NEEDS_NORMATIVE_VALIDATION","REQUIRES_PRIMARY_SOURCE_CONFIRMATION","STAGING_ONLY_NOT_ACTIVATED"
"49","Provisões para aplicações de tesouraria","","1","457","false","false","false","false","NEEDS_NORMATIVE_VALIDATION","REQUIRES_PRIMARY_SOURCE_CONFIRMATION","STAGING_ONLY_NOT_ACTIVATED"
"49.1","Títulos negociáveis","49","2","458","false","false","false","false","NEEDS_NORMATIVE_VALIDATION","REQUIRES_PRIMARY_SOURCE_CONFIRMATION","STAGING_ONLY_NOT_ACTIVATED"
"49.1.1","Acções","49.1","3","459","false","false","false","false","NEEDS_NORMATIVE_VALIDATION","REQUIRES_PRIMARY_SOURCE_CONFIRMATION","STAGING_ONLY_NOT_ACTIVATED"
"49.1.2","Obrigações","49.1","3","460","false","false","false","false","NEEDS_NORMATIVE_VALIDATION","REQUIRES_PRIMARY_SOURCE_CONFIRMATION","STAGING_ONLY_NOT_ACTIVATED"
"49.1.3","Títulos da dívida pública","49.1","3","461","false","false","false","false","NEEDS_NORMATIVE_VALIDATION","REQUIRES_PRIMARY_SOURCE_CONFIRMATION","STAGING_ONLY_NOT_ACTIVATED"
"49.2","Outras aplicações de tesouraria","49","2","462","false","false","false","false","NEEDS_NORMATIVE_VALIDATION","REQUIRES_PRIMARY_SOURCE_CONFIRMATION","STAGING_ONLY_NOT_ACTIVATED"
"49.2.1","RESERVED_PGC_EXTENSION","49.2","3","463","true","false","false","false","NEEDS_NORMATIVE_VALIDATION","REQUIRES_PRIMARY_SOURCE_CONFIRMATION","STAGING_ONLY_NOT_ACTIVATED"
"51","Capital","","1","465","false","false","false","false","NEEDS_NORMATIVE_VALIDATION","REQUIRES_PRIMARY_SOURCE_CONFIRMATION","STAGING_ONLY_NOT_ACTIVATED"
"52","Acções/quotas próprias","","1","466","false","false","false","false","NEEDS_NORMATIVE_VALIDATION","REQUIRES_PRIMARY_SOURCE_CONFIRMATION","STAGING_ONLY_NOT_ACTIVATED"
"52.1","Valor nominal","52","2","468","false","false","false","false","NEEDS_NORMATIVE_VALIDATION","REQUIRES_PRIMARY_SOURCE_CONFIRMATION","STAGING_ONLY_NOT_ACTIVATED"
"52.1.1","RESERVED_PGC_EXTENSION","52.1","3","469","true","false","false","false","NEEDS_NORMATIVE_VALIDATION","REQUIRES_PRIMARY_SOURCE_CONFIRMATION","STAGING_ONLY_NOT_ACTIVATED"
"52.2","Descontos","52","2","470","false","false","false","false","NEEDS_NORMATIVE_VALIDATION","REQUIRES_PRIMARY_SOURCE_CONFIRMATION","STAGING_ONLY_NOT_ACTIVATED"
"52.2.1","RESERVED_PGC_EXTENSION","52.2","3","471","true","false","false","false","NEEDS_NORMATIVE_VALIDATION","REQUIRES_PRIMARY_SOURCE_CONFIRMATION","STAGING_ONLY_NOT_ACTIVATED"
"52.3","Prémios","52","2","472","false","false","false","false","NEEDS_NORMATIVE_VALIDATION","REQUIRES_PRIMARY_SOURCE_CONFIRMATION","STAGING_ONLY_NOT_ACTIVATED"
"52.3.1","RESERVED_PGC_EXTENSION","52.3","3","473","true","false","false","false","NEEDS_NORMATIVE_VALIDATION","REQUIRES_PRIMARY_SOURCE_CONFIRMATION","STAGING_ONLY_NOT_ACTIVATED"
"53","Prémios de emissão","","1","474","false","false","false","false","NEEDS_NORMATIVE_VALIDATION","REQUIRES_PRIMARY_SOURCE_CONFIRMATION","STAGING_ONLY_NOT_ACTIVATED"
"54","Prestações suplementares","","1","475","false","false","false","false","NEEDS_NORMATIVE_VALIDATION","REQUIRES_PRIMARY_SOURCE_CONFIRMATION","STAGING_ONLY_NOT_ACTIVATED"
"55","Reservas legais","","1","476","false","false","false","false","NEEDS_NORMATIVE_VALIDATION","REQUIRES_PRIMARY_SOURCE_CONFIRMATION","STAGING_ONLY_NOT_ACTIVATED"
"56","Reservas de reavaliação","","1","477","false","false","false","false","NEEDS_NORMATIVE_VALIDATION","REQUIRES_PRIMARY_SOURCE_CONFIRMATION","STAGING_ONLY_NOT_ACTIVATED"
"56.1","Legais","56","2","480","false","false","false","false","NEEDS_NORMATIVE_VALIDATION","REQUIRES_PRIMARY_SOURCE_CONFIRMATION","STAGING_ONLY_NOT_ACTIVATED"
"56.1.1","Diploma legal","56.1","3","481","false","false","false","false","NEEDS_NORMATIVE_VALIDATION","REQUIRES_PRIMARY_SOURCE_CONFIRMATION","STAGING_ONLY_NOT_ACTIVATED"
"56.1.2","Diploma legal","56.1","3","482","false","false","false","false","NEEDS_NORMATIVE_VALIDATION","REQUIRES_PRIMARY_SOURCE_CONFIRMATION","STAGING_ONLY_NOT_ACTIVATED"
"56.2","Autónomas","56","2","483","false","false","false","false","NEEDS_NORMATIVE_VALIDATION","REQUIRES_PRIMARY_SOURCE_CONFIRMATION","STAGING_ONLY_NOT_ACTIVATED"
"56.2.1","Avaliação","56.2","3","484","false","false","false","false","NEEDS_NORMATIVE_VALIDATION","REQUIRES_PRIMARY_SOURCE_CONFIRMATION","STAGING_ONLY_NOT_ACTIVATED"
"56.2.2","Realização","56.2","3","485","false","false","false","false","NEEDS_NORMATIVE_VALIDATION","REQUIRES_PRIMARY_SOURCE_CONFIRMATION","STAGING_ONLY_NOT_ACTIVATED"
"57","Reservas com fins especiais","","1","486","false","false","false","false","NEEDS_NORMATIVE_VALIDATION","REQUIRES_PRIMARY_SOURCE_CONFIRMATION","STAGING_ONLY_NOT_ACTIVATED"
"58","Reservas livres","","1","487","false","false","false","false","NEEDS_NORMATIVE_VALIDATION","REQUIRES_PRIMARY_SOURCE_CONFIRMATION","STAGING_ONLY_NOT_ACTIVATED"
"59","RESERVED_PGC_EXTENSION","","1","488","true","false","false","false","NEEDS_NORMATIVE_VALIDATION","REQUIRES_PRIMARY_SOURCE_CONFIRMATION","STAGING_ONLY_NOT_ACTIVATED"
"61","Vendas","","1","490","false","false","false","false","NEEDS_NORMATIVE_VALIDATION","REQUIRES_PRIMARY_SOURCE_CONFIRMATION","STAGING_ONLY_NOT_ACTIVATED"
"61.1","Produtos acabados e intermédios","61","2","491","false","false","false","false","NEEDS_NORMATIVE_VALIDATION","REQUIRES_PRIMARY_SOURCE_CONFIRMATION","STAGING_ONLY_NOT_ACTIVATED"
"61.1.1","Mercado nacional","61.1","3","493","false","false","false","false","NEEDS_NORMATIVE_VALIDATION","REQUIRES_PRIMARY_SOURCE_CONFIRMATION","STAGING_ONLY_NOT_ACTIVATED"
"61.1.2","Mercado estrangeiro","61.1","3","494","false","false","false","false","NEEDS_NORMATIVE_VALIDATION","REQUIRES_PRIMARY_SOURCE_CONFIRMATION","STAGING_ONLY_NOT_ACTIVATED"
"61.2","Subprodutos, desperdícios, resíduos e refugos","61","2","495","false","false","false","false","NEEDS_NORMATIVE_VALIDATION","REQUIRES_PRIMARY_SOURCE_CONFIRMATION","STAGING_ONLY_NOT_ACTIVATED"
"61.2.1","Mercado nacional","61.2","3","498","false","false","false","false","NEEDS_NORMATIVE_VALIDATION","REQUIRES_PRIMARY_SOURCE_CONFIRMATION","STAGING_ONLY_NOT_ACTIVATED"
"61.2.2","Mercado estrangeiro","61.2","3","499","false","false","false","false","NEEDS_NORMATIVE_VALIDATION","REQUIRES_PRIMARY_SOURCE_CONFIRMATION","STAGING_ONLY_NOT_ACTIVATED"
"61.3","Mercadorias","61","2","500","false","false","false","false","NEEDS_NORMATIVE_VALIDATION","REQUIRES_PRIMARY_SOURCE_CONFIRMATION","STAGING_ONLY_NOT_ACTIVATED"
"61.3.1","Mercado nacional","61.3","3","503","false","false","false","false","NEEDS_NORMATIVE_VALIDATION","REQUIRES_PRIMARY_SOURCE_CONFIRMATION","STAGING_ONLY_NOT_ACTIVATED"
"61.3.2","Mercado estrangeiro","61.3","3","504","false","false","false","false","NEEDS_NORMATIVE_VALIDATION","REQUIRES_PRIMARY_SOURCE_CONFIRMATION","STAGING_ONLY_NOT_ACTIVATED"
"61.4","Embalagens de consumo","61","2","505","false","false","false","false","NEEDS_NORMATIVE_VALIDATION","REQUIRES_PRIMARY_SOURCE_CONFIRMATION","STAGING_ONLY_NOT_ACTIVATED"
"61.4.1","Mercado nacional","61.4","3","508","false","false","false","false","NEEDS_NORMATIVE_VALIDATION","REQUIRES_PRIMARY_SOURCE_CONFIRMATION","STAGING_ONLY_NOT_ACTIVATED"
"61.4.2","Mercado estrangeiro","61.4","3","509","false","false","false","false","NEEDS_NORMATIVE_VALIDATION","REQUIRES_PRIMARY_SOURCE_CONFIRMATION","STAGING_ONLY_NOT_ACTIVATED"
"61.5","Subsídios a preços","61","2","510","false","false","false","false","NEEDS_NORMATIVE_VALIDATION","REQUIRES_PRIMARY_SOURCE_CONFIRMATION","STAGING_ONLY_NOT_ACTIVATED"
"61.5.1","RESERVED_PGC_EXTENSION","61.5","3","513","true","false","false","false","NEEDS_NORMATIVE_VALIDATION","REQUIRES_PRIMARY_SOURCE_CONFIRMATION","STAGING_ONLY_NOT_ACTIVATED"
"61.7","Devoluções","61","2","514","false","false","false","false","NEEDS_NORMATIVE_VALIDATION","REQUIRES_PRIMARY_SOURCE_CONFIRMATION","STAGING_ONLY_NOT_ACTIVATED"
"61.7.1","Mercado nacional","61.7","3","517","false","false","false","false","NEEDS_NORMATIVE_VALIDATION","REQUIRES_PRIMARY_SOURCE_CONFIRMATION","STAGING_ONLY_NOT_ACTIVATED"
"61.7.2","Mercado estrangeiro","61.7","3","518","false","false","false","false","NEEDS_NORMATIVE_VALIDATION","REQUIRES_PRIMARY_SOURCE_CONFIRMATION","STAGING_ONLY_NOT_ACTIVATED"
"61.8","Descontos e abatimentos","61","2","519","false","false","false","false","NEEDS_NORMATIVE_VALIDATION","REQUIRES_PRIMARY_SOURCE_CONFIRMATION","STAGING_ONLY_NOT_ACTIVATED"
"61.8.1","Mercado nacional","61.8","3","522","false","false","false","false","NEEDS_NORMATIVE_VALIDATION","REQUIRES_PRIMARY_SOURCE_CONFIRMATION","STAGING_ONLY_NOT_ACTIVATED"
"61.8.2","Mercado estrangeiro","61.8","3","523","false","false","false","false","NEEDS_NORMATIVE_VALIDATION","REQUIRES_PRIMARY_SOURCE_CONFIRMATION","STAGING_ONLY_NOT_ACTIVATED"
"61.9","Transferência para resultados operacionais","61","2","524","false","false","false","false","NEEDS_NORMATIVE_VALIDATION","REQUIRES_PRIMARY_SOURCE_CONFIRMATION","STAGING_ONLY_NOT_ACTIVATED"
"62","Prestações de serviço","","1","525","false","false","false","false","NEEDS_NORMATIVE_VALIDATION","REQUIRES_PRIMARY_SOURCE_CONFIRMATION","STAGING_ONLY_NOT_ACTIVATED"
"62.1","Serviços principais","62","2","526","false","false","false","false","NEEDS_NORMATIVE_VALIDATION","REQUIRES_PRIMARY_SOURCE_CONFIRMATION","STAGING_ONLY_NOT_ACTIVATED"
"62.1.1","Mercado nacional","62.1","3","528","false","false","false","false","NEEDS_NORMATIVE_VALIDATION","REQUIRES_PRIMARY_SOURCE_CONFIRMATION","STAGING_ONLY_NOT_ACTIVATED"
"62.1.2","Mercado estrangeiro","62.1","3","529","false","false","false","false","NEEDS_NORMATIVE_VALIDATION","REQUIRES_PRIMARY_SOURCE_CONFIRMATION","STAGING_ONLY_NOT_ACTIVATED"
"62.2","Serviços secundários","62","2","530","false","false","false","false","NEEDS_NORMATIVE_VALIDATION","REQUIRES_PRIMARY_SOURCE_CONFIRMATION","STAGING_ONLY_NOT_ACTIVATED"
"62.2.1","Mercado nacional","62.2","3","533","false","false","false","false","NEEDS_NORMATIVE_VALIDATION","REQUIRES_PRIMARY_SOURCE_CONFIRMATION","STAGING_ONLY_NOT_ACTIVATED"
"62.2.2","Mercado estrangeiro","62.2","3","534","false","false","false","false","NEEDS_NORMATIVE_VALIDATION","REQUIRES_PRIMARY_SOURCE_CONFIRMATION","STAGING_ONLY_NOT_ACTIVATED"
"62.8","Descontos e abatimentos","62","2","535","false","false","false","false","NEEDS_NORMATIVE_VALIDATION","REQUIRES_PRIMARY_SOURCE_CONFIRMATION","STAGING_ONLY_NOT_ACTIVATED"
"62.8.1","Mercado nacional","62.8","3","538","false","false","false","false","NEEDS_NORMATIVE_VALIDATION","REQUIRES_PRIMARY_SOURCE_CONFIRMATION","STAGING_ONLY_NOT_ACTIVATED"
"62.8.2","Mercado estrangeiro","62.8","3","539","false","false","false","false","NEEDS_NORMATIVE_VALIDATION","REQUIRES_PRIMARY_SOURCE_CONFIRMATION","STAGING_ONLY_NOT_ACTIVATED"
"62.9","Transferência para resultados operacionais","62","2","540","false","false","false","false","NEEDS_NORMATIVE_VALIDATION","REQUIRES_PRIMARY_SOURCE_CONFIRMATION","STAGING_ONLY_NOT_ACTIVATED"
"63","Outros proveitos operacionais","","1","541","false","false","false","false","NEEDS_NORMATIVE_VALIDATION","REQUIRES_PRIMARY_SOURCE_CONFIRMATION","STAGING_ONLY_NOT_ACTIVATED"
"63.1","Serviços suplementares","63","2","542","false","false","false","false","NEEDS_NORMATIVE_VALIDATION","REQUIRES_PRIMARY_SOURCE_CONFIRMATION","STAGING_ONLY_NOT_ACTIVATED"
"63.1.1","Aluguer de equipamento","63.1","3","544","false","false","false","false","NEEDS_NORMATIVE_VALIDATION","REQUIRES_PRIMARY_SOURCE_CONFIRMATION","STAGING_ONLY_NOT_ACTIVATED"
"63.1.2","Cedência de pessoal","63.1","3","545","false","false","false","false","NEEDS_NORMATIVE_VALIDATION","REQUIRES_PRIMARY_SOURCE_CONFIRMATION","STAGING_ONLY_NOT_ACTIVATED"
"63.1.3","Cedência de energia","63.1","3","546","false","false","false","false","NEEDS_NORMATIVE_VALIDATION","REQUIRES_PRIMARY_SOURCE_CONFIRMATION","STAGING_ONLY_NOT_ACTIVATED"
"63.1.4","Estudos, projectos e assistência técnica","63.1","3","547","false","false","false","false","NEEDS_NORMATIVE_VALIDATION","REQUIRES_PRIMARY_SOURCE_CONFIRMATION","STAGING_ONLY_NOT_ACTIVATED"
"63.2","Royalties","63","2","548","false","false","false","false","NEEDS_NORMATIVE_VALIDATION","REQUIRES_PRIMARY_SOURCE_CONFIRMATION","STAGING_ONLY_NOT_ACTIVATED"
"63.3","Subsídios à exploração","63","2","549","false","false","false","false","NEEDS_NORMATIVE_VALIDATION","REQUIRES_PRIMARY_SOURCE_CONFIRMATION","STAGING_ONLY_NOT_ACTIVATED"
"63.4","Subsídios a investimento","63","2","550","false","false","false","false","NEEDS_NORMATIVE_VALIDATION","REQUIRES_PRIMARY_SOURCE_CONFIRMATION","STAGING_ONLY_NOT_ACTIVATED"
"63.5","IVA","63","2","551","false","false","false","false","NEEDS_NORMATIVE_VALIDATION","REQUIRES_PRIMARY_SOURCE_CONFIRMATION","STAGING_ONLY_NOT_ACTIVATED"
"63.8","Outros proveitos e ganhos operacionais","63","2","552","false","false","false","false","NEEDS_NORMATIVE_VALIDATION","REQUIRES_PRIMARY_SOURCE_CONFIRMATION","STAGING_ONLY_NOT_ACTIVATED"
"63.8.1","RESERVED_PGC_EXTENSION","63.8","3","553","true","false","false","false","NEEDS_NORMATIVE_VALIDATION","REQUIRES_PRIMARY_SOURCE_CONFIRMATION","STAGING_ONLY_NOT_ACTIVATED"
"63.9","Transferência para resultados operacionais","63","2","554","false","false","false","false","NEEDS_NORMATIVE_VALIDATION","REQUIRES_PRIMARY_SOURCE_CONFIRMATION","STAGING_ONLY_NOT_ACTIVATED"
"64","Variação nos inventários de produtos acabados e de produção em curso","","1","555","false","false","false","false","NEEDS_NORMATIVE_VALIDATION","REQUIRES_PRIMARY_SOURCE_CONFIRMATION","STAGING_ONLY_NOT_ACTIVATED"
"64.1","Produtos e trabalhos em curso","64","2","556","false","false","false","false","NEEDS_NORMATIVE_VALIDATION","REQUIRES_PRIMARY_SOURCE_CONFIRMATION","STAGING_ONLY_NOT_ACTIVATED"
"64.1.1","RESERVED_PGC_EXTENSION","64.1","3","557","true","false","false","false","NEEDS_NORMATIVE_VALIDATION","REQUIRES_PRIMARY_SOURCE_CONFIRMATION","STAGING_ONLY_NOT_ACTIVATED"
"64.2","Produtos acabados","64","2","558","false","false","false","false","NEEDS_NORMATIVE_VALIDATION","REQUIRES_PRIMARY_SOURCE_CONFIRMATION","STAGING_ONLY_NOT_ACTIVATED"
"64.2.1","RESERVED_PGC_EXTENSION","64.2","3","559","true","false","false","false","NEEDS_NORMATIVE_VALIDATION","REQUIRES_PRIMARY_SOURCE_CONFIRMATION","STAGING_ONLY_NOT_ACTIVATED"
"64.3","Produtos intermédios","64","2","560","false","false","false","false","NEEDS_NORMATIVE_VALIDATION","REQUIRES_PRIMARY_SOURCE_CONFIRMATION","STAGING_ONLY_NOT_ACTIVATED"
"64.3.1","RESERVED_PGC_EXTENSION","64.3","3","561","true","false","false","false","NEEDS_NORMATIVE_VALIDATION","REQUIRES_PRIMARY_SOURCE_CONFIRMATION","STAGING_ONLY_NOT_ACTIVATED"
"64.9","Transferência para resultados operacionais","64","2","562","false","false","false","false","NEEDS_NORMATIVE_VALIDATION","REQUIRES_PRIMARY_SOURCE_CONFIRMATION","STAGING_ONLY_NOT_ACTIVATED"
"65","Trabalhos para a própria empresa","","1","563","false","false","false","false","NEEDS_NORMATIVE_VALIDATION","REQUIRES_PRIMARY_SOURCE_CONFIRMATION","STAGING_ONLY_NOT_ACTIVATED"
"65.1","Para imobilizado","65","2","564","false","false","false","false","NEEDS_NORMATIVE_VALIDATION","REQUIRES_PRIMARY_SOURCE_CONFIRMATION","STAGING_ONLY_NOT_ACTIVATED"
"65.1.1","Corpóreo","65.1","3","566","false","false","false","false","NEEDS_NORMATIVE_VALIDATION","REQUIRES_PRIMARY_SOURCE_CONFIRMATION","STAGING_ONLY_NOT_ACTIVATED"
"65.1.2","Incorpóreo","65.1","3","567","false","false","false","false","NEEDS_NORMATIVE_VALIDATION","REQUIRES_PRIMARY_SOURCE_CONFIRMATION","STAGING_ONLY_NOT_ACTIVATED"
"65.1.3","Financeiro","65.1","3","568","false","false","false","false","NEEDS_NORMATIVE_VALIDATION","REQUIRES_PRIMARY_SOURCE_CONFIRMATION","STAGING_ONLY_NOT_ACTIVATED"
"65.1.4","Em curso","65.1","3","569","false","false","false","false","NEEDS_NORMATIVE_VALIDATION","REQUIRES_PRIMARY_SOURCE_CONFIRMATION","STAGING_ONLY_NOT_ACTIVATED"
"65.2","Para encargos a repartir por exercícios futuros","65","2","570","false","false","false","false","NEEDS_NORMATIVE_VALIDATION","REQUIRES_PRIMARY_SOURCE_CONFIRMATION","STAGING_ONLY_NOT_ACTIVATED"
"65.9","Transferência para resultados operacionais","65","2","571","false","false","false","false","NEEDS_NORMATIVE_VALIDATION","REQUIRES_PRIMARY_SOURCE_CONFIRMATION","STAGING_ONLY_NOT_ACTIVATED"
"66","Proveitos e ganhos financeiros gerais","","1","572","false","false","false","false","NEEDS_NORMATIVE_VALIDATION","REQUIRES_PRIMARY_SOURCE_CONFIRMATION","STAGING_ONLY_NOT_ACTIVATED"
"66.1","Juros","66","2","573","false","false","false","false","NEEDS_NORMATIVE_VALIDATION","REQUIRES_PRIMARY_SOURCE_CONFIRMATION","STAGING_ONLY_NOT_ACTIVATED"
"66.2","Diferenças de câmbio favoráveis","66","2","574","false","false","false","false","NEEDS_NORMATIVE_VALIDATION","REQUIRES_PRIMARY_SOURCE_CONFIRMATION","STAGING_ONLY_NOT_ACTIVATED"
"66.2.1","Realizadas","66.2","3","576","false","false","false","false","NEEDS_NORMATIVE_VALIDATION","REQUIRES_PRIMARY_SOURCE_CONFIRMATION","STAGING_ONLY_NOT_ACTIVATED"
"66.2.2","Não realizadas","66.2","3","577","false","false","false","false","NEEDS_NORMATIVE_VALIDATION","REQUIRES_PRIMARY_SOURCE_CONFIRMATION","STAGING_ONLY_NOT_ACTIVATED"
"66.3","Descontos de pronto pagamento obtidos","66","2","578","false","false","false","false","NEEDS_NORMATIVE_VALIDATION","REQUIRES_PRIMARY_SOURCE_CONFIRMATION","STAGING_ONLY_NOT_ACTIVATED"
"66.4","Rendimentos de investimentos em imóveis","66","2","579","false","false","false","false","NEEDS_NORMATIVE_VALIDATION","REQUIRES_PRIMARY_SOURCE_CONFIRMATION","STAGING_ONLY_NOT_ACTIVATED"
"66.5","Rendimento de participações de capital","66","2","580","false","false","false","false","NEEDS_NORMATIVE_VALIDATION","REQUIRES_PRIMARY_SOURCE_CONFIRMATION","STAGING_ONLY_NOT_ACTIVATED"
"66.6","Ganhos na alienação de aplicações financeiras","66","2","581","false","false","false","false","NEEDS_NORMATIVE_VALIDATION","REQUIRES_PRIMARY_SOURCE_CONFIRMATION","STAGING_ONLY_NOT_ACTIVATED"
"66.7","Reposição de provisões","66","2","582","false","false","false","false","NEEDS_NORMATIVE_VALIDATION","REQUIRES_PRIMARY_SOURCE_CONFIRMATION","STAGING_ONLY_NOT_ACTIVATED"
"66.9","Transferência para resultados financeiros","66","2","583","false","false","false","false","NEEDS_NORMATIVE_VALIDATION","REQUIRES_PRIMARY_SOURCE_CONFIRMATION","STAGING_ONLY_NOT_ACTIVATED"
"67","Proveitos e ganhos financeiros em filiais e associadas","","1","584","false","false","false","false","NEEDS_NORMATIVE_VALIDATION","REQUIRES_PRIMARY_SOURCE_CONFIRMATION","STAGING_ONLY_NOT_ACTIVATED"
"67.1","Rendimento de participações de capital","67","2","585","false","false","false","false","NEEDS_NORMATIVE_VALIDATION","REQUIRES_PRIMARY_SOURCE_CONFIRMATION","STAGING_ONLY_NOT_ACTIVATED"
"67.1.1","Subsidiárias","67.1","3","587","false","false","false","false","NEEDS_NORMATIVE_VALIDATION","REQUIRES_PRIMARY_SOURCE_CONFIRMATION","STAGING_ONLY_NOT_ACTIVATED"
"67.1.2","Associadas","67.1","3","588","false","false","false","false","NEEDS_NORMATIVE_VALIDATION","REQUIRES_PRIMARY_SOURCE_CONFIRMATION","STAGING_ONLY_NOT_ACTIVATED"
"67.9","Transferência para resultados em filiais e associadas","67","2","589","false","false","false","false","NEEDS_NORMATIVE_VALIDATION","REQUIRES_PRIMARY_SOURCE_CONFIRMATION","STAGING_ONLY_NOT_ACTIVATED"
"68","Outros proveitos e ganhos não operacionais","","1","590","false","false","false","false","NEEDS_NORMATIVE_VALIDATION","REQUIRES_PRIMARY_SOURCE_CONFIRMATION","STAGING_ONLY_NOT_ACTIVATED"
"68.1","Reposição de provisões","68","2","591","false","false","false","false","NEEDS_NORMATIVE_VALIDATION","REQUIRES_PRIMARY_SOURCE_CONFIRMATION","STAGING_ONLY_NOT_ACTIVATED"
"68.2","Anulação de amortizações extraordinárias","68","2","592","false","false","false","false","NEEDS_NORMATIVE_VALIDATION","REQUIRES_PRIMARY_SOURCE_CONFIRMATION","STAGING_ONLY_NOT_ACTIVATED"
"68.3","Ganhos em imobilizações","68","2","593","false","false","false","false","NEEDS_NORMATIVE_VALIDATION","REQUIRES_PRIMARY_SOURCE_CONFIRMATION","STAGING_ONLY_NOT_ACTIVATED"
"68.6","Benefícios de penalidades contratuais","68","2","594","false","false","false","false","NEEDS_NORMATIVE_VALIDATION","REQUIRES_PRIMARY_SOURCE_CONFIRMATION","STAGING_ONLY_NOT_ACTIVATED"
"68.8","Descontinuidade de operações","68","2","595","false","false","false","false","NEEDS_NORMATIVE_VALIDATION","REQUIRES_PRIMARY_SOURCE_CONFIRMATION","STAGING_ONLY_NOT_ACTIVATED"
"68.9","Alterações de políticas contabilísticas","68","2","596","false","false","false","false","NEEDS_NORMATIVE_VALIDATION","REQUIRES_PRIMARY_SOURCE_CONFIRMATION","STAGING_ONLY_NOT_ACTIVATED"
"68.10","Correcções relativas a exercícios anteriores","68","2","597","false","false","false","false","NEEDS_NORMATIVE_VALIDATION","REQUIRES_PRIMARY_SOURCE_CONFIRMATION","STAGING_ONLY_NOT_ACTIVATED"
"68.10.1","Estimativa impostos","68.10","3","599","false","false","false","false","NEEDS_NORMATIVE_VALIDATION","REQUIRES_PRIMARY_SOURCE_CONFIRMATION","STAGING_ONLY_NOT_ACTIVATED"
"68.10.2","Restituição de impostos","68.10","3","600","false","false","false","false","NEEDS_NORMATIVE_VALIDATION","REQUIRES_PRIMARY_SOURCE_CONFIRMATION","STAGING_ONLY_NOT_ACTIVATED"
"68.11","Outros ganhos e perdas não operacionais","68","2","601","false","false","false","false","NEEDS_NORMATIVE_VALIDATION","REQUIRES_PRIMARY_SOURCE_CONFIRMATION","STAGING_ONLY_NOT_ACTIVATED"
"68.11.1","Donativos","68.11","3","604","false","false","false","false","NEEDS_NORMATIVE_VALIDATION","REQUIRES_PRIMARY_SOURCE_CONFIRMATION","STAGING_ONLY_NOT_ACTIVATED"
"68.19","Transferência para resultados não operacionais","68","2","605","false","false","false","false","NEEDS_NORMATIVE_VALIDATION","REQUIRES_PRIMARY_SOURCE_CONFIRMATION","STAGING_ONLY_NOT_ACTIVATED"
"69","Proveitos e ganhos extraordinários","","1","606","false","false","false","false","NEEDS_NORMATIVE_VALIDATION","REQUIRES_PRIMARY_SOURCE_CONFIRMATION","STAGING_ONLY_NOT_ACTIVATED"
"69.1","Ganhos resultantes de catástrofes naturais","69","2","607","false","false","false","false","NEEDS_NORMATIVE_VALIDATION","REQUIRES_PRIMARY_SOURCE_CONFIRMATION","STAGING_ONLY_NOT_ACTIVATED"
"69.2","Ganhos resultantes de convulsões políticas","69","2","608","false","false","false","false","NEEDS_NORMATIVE_VALIDATION","REQUIRES_PRIMARY_SOURCE_CONFIRMATION","STAGING_ONLY_NOT_ACTIVATED"
"69.3","Ganhos resultantes de expropriações","69","2","609","false","false","false","false","NEEDS_NORMATIVE_VALIDATION","REQUIRES_PRIMARY_SOURCE_CONFIRMATION","STAGING_ONLY_NOT_ACTIVATED"
"69.4","Ganhos resultantes de sinistros","69","2","610","false","false","false","false","NEEDS_NORMATIVE_VALIDATION","REQUIRES_PRIMARY_SOURCE_CONFIRMATION","STAGING_ONLY_NOT_ACTIVATED"
"69.5","Subsídios","69","2","611","false","false","false","false","NEEDS_NORMATIVE_VALIDATION","REQUIRES_PRIMARY_SOURCE_CONFIRMATION","STAGING_ONLY_NOT_ACTIVATED"
"69.6","Anulação de passivos não exigíveis","69","2","612","false","false","false","false","NEEDS_NORMATIVE_VALIDATION","REQUIRES_PRIMARY_SOURCE_CONFIRMATION","STAGING_ONLY_NOT_ACTIVATED"
"69.9","Transferência para resultados extraordinários","69","2","613","false","false","false","false","NEEDS_NORMATIVE_VALIDATION","REQUIRES_PRIMARY_SOURCE_CONFIRMATION","STAGING_ONLY_NOT_ACTIVATED"
"71","Custo das mercadorias vendidas e das matérias consumidas","","1","615","false","false","false","false","NEEDS_NORMATIVE_VALIDATION","REQUIRES_PRIMARY_SOURCE_CONFIRMATION","STAGING_ONLY_NOT_ACTIVATED"
"71.1","Matérias-primas","71","2","616","false","false","false","false","NEEDS_NORMATIVE_VALIDATION","REQUIRES_PRIMARY_SOURCE_CONFIRMATION","STAGING_ONLY_NOT_ACTIVATED"
"71.1.1","RESERVED_PGC_EXTENSION","71.1","3","617","true","false","false","false","NEEDS_NORMATIVE_VALIDATION","REQUIRES_PRIMARY_SOURCE_CONFIRMATION","STAGING_ONLY_NOT_ACTIVATED"
"71.2","Matérias subsidiárias","71","2","618","false","false","false","false","NEEDS_NORMATIVE_VALIDATION","REQUIRES_PRIMARY_SOURCE_CONFIRMATION","STAGING_ONLY_NOT_ACTIVATED"
"71.2.1","RESERVED_PGC_EXTENSION","71.2","3","619","true","false","false","false","NEEDS_NORMATIVE_VALIDATION","REQUIRES_PRIMARY_SOURCE_CONFIRMATION","STAGING_ONLY_NOT_ACTIVATED"
"71.3","Materiais diversos","71","2","620","false","false","false","false","NEEDS_NORMATIVE_VALIDATION","REQUIRES_PRIMARY_SOURCE_CONFIRMATION","STAGING_ONLY_NOT_ACTIVATED"
"71.3.1","RESERVED_PGC_EXTENSION","71.3","3","621","true","false","false","false","NEEDS_NORMATIVE_VALIDATION","REQUIRES_PRIMARY_SOURCE_CONFIRMATION","STAGING_ONLY_NOT_ACTIVATED"
"71.4","Embalagens de consumo","71","2","622","false","false","false","false","NEEDS_NORMATIVE_VALIDATION","REQUIRES_PRIMARY_SOURCE_CONFIRMATION","STAGING_ONLY_NOT_ACTIVATED"
"71.4.1","RESERVED_PGC_EXTENSION","71.4","3","623","true","false","false","false","NEEDS_NORMATIVE_VALIDATION","REQUIRES_PRIMARY_SOURCE_CONFIRMATION","STAGING_ONLY_NOT_ACTIVATED"
"71.5","Outros materiais","71","2","624","false","false","false","false","NEEDS_NORMATIVE_VALIDATION","REQUIRES_PRIMARY_SOURCE_CONFIRMATION","STAGING_ONLY_NOT_ACTIVATED"
"71.5.1","RESERVED_PGC_EXTENSION","71.5","3","625","true","false","false","false","NEEDS_NORMATIVE_VALIDATION","REQUIRES_PRIMARY_SOURCE_CONFIRMATION","STAGING_ONLY_NOT_ACTIVATED"
"71.9","Transferência para resultados operacionais","71","2","626","false","false","false","false","NEEDS_NORMATIVE_VALIDATION","REQUIRES_PRIMARY_SOURCE_CONFIRMATION","STAGING_ONLY_NOT_ACTIVATED"
"72","Custos com o pessoal","","1","627","false","false","false","false","NEEDS_NORMATIVE_VALIDATION","REQUIRES_PRIMARY_SOURCE_CONFIRMATION","STAGING_ONLY_NOT_ACTIVATED"
"72.1","Remunerações — órgãos sociais","72","2","628","false","false","false","false","NEEDS_NORMATIVE_VALIDATION","REQUIRES_PRIMARY_SOURCE_CONFIRMATION","STAGING_ONLY_NOT_ACTIVATED"
"72.1.1","RESERVED_PGC_EXTENSION","72.1","3","629","true","false","false","false","NEEDS_NORMATIVE_VALIDATION","REQUIRES_PRIMARY_SOURCE_CONFIRMATION","STAGING_ONLY_NOT_ACTIVATED"
"72.2","Remunerações — pessoal","72","2","630","false","false","false","false","NEEDS_NORMATIVE_VALIDATION","REQUIRES_PRIMARY_SOURCE_CONFIRMATION","STAGING_ONLY_NOT_ACTIVATED"
"72.2.1","RESERVED_PGC_EXTENSION","72.2","3","631","true","false","false","false","NEEDS_NORMATIVE_VALIDATION","REQUIRES_PRIMARY_SOURCE_CONFIRMATION","STAGING_ONLY_NOT_ACTIVATED"
"72.3","Pensões","72","2","632","false","false","false","false","NEEDS_NORMATIVE_VALIDATION","REQUIRES_PRIMARY_SOURCE_CONFIRMATION","STAGING_ONLY_NOT_ACTIVATED"
"72.3.1","Órgãos sociais","72.3","3","634","false","false","false","false","NEEDS_NORMATIVE_VALIDATION","REQUIRES_PRIMARY_SOURCE_CONFIRMATION","STAGING_ONLY_NOT_ACTIVATED"
"72.3.2","Pessoal","72.3","3","635","false","false","false","false","NEEDS_NORMATIVE_VALIDATION","REQUIRES_PRIMARY_SOURCE_CONFIRMATION","STAGING_ONLY_NOT_ACTIVATED"
"72.4","Prémios para pensões","72","2","636","false","false","false","false","NEEDS_NORMATIVE_VALIDATION","REQUIRES_PRIMARY_SOURCE_CONFIRMATION","STAGING_ONLY_NOT_ACTIVATED"
"72.4.1","Órgãos sociais","72.4","3","639","false","false","false","false","NEEDS_NORMATIVE_VALIDATION","REQUIRES_PRIMARY_SOURCE_CONFIRMATION","STAGING_ONLY_NOT_ACTIVATED"
"72.4.2","Pessoal","72.4","3","640","false","false","false","false","NEEDS_NORMATIVE_VALIDATION","REQUIRES_PRIMARY_SOURCE_CONFIRMATION","STAGING_ONLY_NOT_ACTIVATED"
"72.5","Encargos sobre remunerações","72","2","641","false","false","false","false","NEEDS_NORMATIVE_VALIDATION","REQUIRES_PRIMARY_SOURCE_CONFIRMATION","STAGING_ONLY_NOT_ACTIVATED"
"72.5.1","Órgãos sociais","72.5","3","644","false","false","false","false","NEEDS_NORMATIVE_VALIDATION","REQUIRES_PRIMARY_SOURCE_CONFIRMATION","STAGING_ONLY_NOT_ACTIVATED"
"72.5.2","Pessoal","72.5","3","645","false","false","false","false","NEEDS_NORMATIVE_VALIDATION","REQUIRES_PRIMARY_SOURCE_CONFIRMATION","STAGING_ONLY_NOT_ACTIVATED"
"72.6","Seguros de acidentes de trabalho e doenças profissionais","72","2","646","false","false","false","false","NEEDS_NORMATIVE_VALIDATION","REQUIRES_PRIMARY_SOURCE_CONFIRMATION","STAGING_ONLY_NOT_ACTIVATED"
"72.6.1","Órgãos sociais","72.6","3","649","false","false","false","false","NEEDS_NORMATIVE_VALIDATION","REQUIRES_PRIMARY_SOURCE_CONFIRMATION","STAGING_ONLY_NOT_ACTIVATED"
"72.6.2","Pessoal","72.6","3","650","false","false","false","false","NEEDS_NORMATIVE_VALIDATION","REQUIRES_PRIMARY_SOURCE_CONFIRMATION","STAGING_ONLY_NOT_ACTIVATED"
"72.7","Formação","72","2","651","false","false","false","false","NEEDS_NORMATIVE_VALIDATION","REQUIRES_PRIMARY_SOURCE_CONFIRMATION","STAGING_ONLY_NOT_ACTIVATED"
"72.7.1","Órgãos sociais","72.7","3","654","false","false","false","false","NEEDS_NORMATIVE_VALIDATION","REQUIRES_PRIMARY_SOURCE_CONFIRMATION","STAGING_ONLY_NOT_ACTIVATED"
"72.7.2","Pessoal","72.7","3","655","false","false","false","false","NEEDS_NORMATIVE_VALIDATION","REQUIRES_PRIMARY_SOURCE_CONFIRMATION","STAGING_ONLY_NOT_ACTIVATED"
"72.8","Outras despesas com o pessoal","72","2","656","false","false","false","false","NEEDS_NORMATIVE_VALIDATION","REQUIRES_PRIMARY_SOURCE_CONFIRMATION","STAGING_ONLY_NOT_ACTIVATED"
"72.8.1","Órgãos sociais","72.8","3","659","false","false","false","false","NEEDS_NORMATIVE_VALIDATION","REQUIRES_PRIMARY_SOURCE_CONFIRMATION","STAGING_ONLY_NOT_ACTIVATED"
"72.8.2","Pessoal","72.8","3","660","false","false","false","false","NEEDS_NORMATIVE_VALIDATION","REQUIRES_PRIMARY_SOURCE_CONFIRMATION","STAGING_ONLY_NOT_ACTIVATED"
"72.9","Transferência para resultados operacionais","72","2","661","false","false","false","false","NEEDS_NORMATIVE_VALIDATION","REQUIRES_PRIMARY_SOURCE_CONFIRMATION","STAGING_ONLY_NOT_ACTIVATED"
"73","Amortizações do exercício","","1","662","false","false","false","false","NEEDS_NORMATIVE_VALIDATION","REQUIRES_PRIMARY_SOURCE_CONFIRMATION","STAGING_ONLY_NOT_ACTIVATED"
"73.1","Imobilizações corpóreas","73","2","663","false","false","false","false","NEEDS_NORMATIVE_VALIDATION","REQUIRES_PRIMARY_SOURCE_CONFIRMATION","STAGING_ONLY_NOT_ACTIVATED"
"73.1.2","Edifícios e outras construções","73.1","3","664","false","false","false","false","NEEDS_NORMATIVE_VALIDATION","REQUIRES_PRIMARY_SOURCE_CONFIRMATION","STAGING_ONLY_NOT_ACTIVATED"
"73.1.3","Equipamento básico","73.1","3","665","false","false","false","false","NEEDS_NORMATIVE_VALIDATION","REQUIRES_PRIMARY_SOURCE_CONFIRMATION","STAGING_ONLY_NOT_ACTIVATED"
"73.1.4","Equipamento de carga e transporte","73.1","3","666","false","false","false","false","NEEDS_NORMATIVE_VALIDATION","REQUIRES_PRIMARY_SOURCE_CONFIRMATION","STAGING_ONLY_NOT_ACTIVATED"
"73.1.5","Equipamento administrativo","73.1","3","667","false","false","false","false","NEEDS_NORMATIVE_VALIDATION","REQUIRES_PRIMARY_SOURCE_CONFIRMATION","STAGING_ONLY_NOT_ACTIVATED"
"73.1.6","Taras e vasilhame","73.1","3","668","false","false","false","false","NEEDS_NORMATIVE_VALIDATION","REQUIRES_PRIMARY_SOURCE_CONFIRMATION","STAGING_ONLY_NOT_ACTIVATED"
"73.1.9","Outras imobilizações corpóreas","73.1","3","669","false","false","false","false","NEEDS_NORMATIVE_VALIDATION","REQUIRES_PRIMARY_SOURCE_CONFIRMATION","STAGING_ONLY_NOT_ACTIVATED"
"73.2","Imobilizações incorpóreas","73","2","670","false","false","false","false","NEEDS_NORMATIVE_VALIDATION","REQUIRES_PRIMARY_SOURCE_CONFIRMATION","STAGING_ONLY_NOT_ACTIVATED"
"73.2.1","Trespasses","73.2","3","671","false","false","false","false","NEEDS_NORMATIVE_VALIDATION","REQUIRES_PRIMARY_SOURCE_CONFIRMATION","STAGING_ONLY_NOT_ACTIVATED"
"73.2.2","Despesas de investigação e desenvolvimento","73.2","3","672","false","false","false","false","NEEDS_NORMATIVE_VALIDATION","REQUIRES_PRIMARY_SOURCE_CONFIRMATION","STAGING_ONLY_NOT_ACTIVATED"
"73.2.3","Propriedade industrial e outros direitos e contratos","73.2","3","673","false","false","false","false","NEEDS_NORMATIVE_VALIDATION","REQUIRES_PRIMARY_SOURCE_CONFIRMATION","STAGING_ONLY_NOT_ACTIVATED"
"73.2.4","Despesas de constituição","73.2","3","674","false","false","false","false","NEEDS_NORMATIVE_VALIDATION","REQUIRES_PRIMARY_SOURCE_CONFIRMATION","STAGING_ONLY_NOT_ACTIVATED"
"73.2.9","Outras imobilizações incorpóreas","73.2","3","675","false","false","false","false","NEEDS_NORMATIVE_VALIDATION","REQUIRES_PRIMARY_SOURCE_CONFIRMATION","STAGING_ONLY_NOT_ACTIVATED"
"73.9","Transferência para resultados operacionais","73","2","676","false","false","false","false","NEEDS_NORMATIVE_VALIDATION","REQUIRES_PRIMARY_SOURCE_CONFIRMATION","STAGING_ONLY_NOT_ACTIVATED"
"74","RESERVED_PGC_EXTENSION","","1","677","true","false","false","false","NEEDS_NORMATIVE_VALIDATION","REQUIRES_PRIMARY_SOURCE_CONFIRMATION","STAGING_ONLY_NOT_ACTIVATED"
"75","Outros custos e perdas operacionais","","1","680","false","false","false","false","NEEDS_NORMATIVE_VALIDATION","REQUIRES_PRIMARY_SOURCE_CONFIRMATION","STAGING_ONLY_NOT_ACTIVATED"
"75.1","Subcontratos","75","2","681","false","false","false","false","NEEDS_NORMATIVE_VALIDATION","REQUIRES_PRIMARY_SOURCE_CONFIRMATION","STAGING_ONLY_NOT_ACTIVATED"
"75.1.1","RESERVED_PGC_EXTENSION","75.1","3","682","true","false","false","false","NEEDS_NORMATIVE_VALIDATION","REQUIRES_PRIMARY_SOURCE_CONFIRMATION","STAGING_ONLY_NOT_ACTIVATED"
"75.2","Fornecimentos e serviços de terceiros","75","2","683","false","false","false","false","NEEDS_NORMATIVE_VALIDATION","REQUIRES_PRIMARY_SOURCE_CONFIRMATION","STAGING_ONLY_NOT_ACTIVATED"
"75.2.11","Água","75.2","3","684","false","false","false","false","NEEDS_NORMATIVE_VALIDATION","REQUIRES_PRIMARY_SOURCE_CONFIRMATION","STAGING_ONLY_NOT_ACTIVATED"
"75.2.12","Electricidade","75.2","3","685","false","false","false","false","NEEDS_NORMATIVE_VALIDATION","REQUIRES_PRIMARY_SOURCE_CONFIRMATION","STAGING_ONLY_NOT_ACTIVATED"
"75.2.13","Combustíveis e outros fluidos","75.2","3","686","false","false","false","false","NEEDS_NORMATIVE_VALIDATION","REQUIRES_PRIMARY_SOURCE_CONFIRMATION","STAGING_ONLY_NOT_ACTIVATED"
"75.2.14","Conservação e reparação","75.2","3","687","false","false","false","false","NEEDS_NORMATIVE_VALIDATION","REQUIRES_PRIMARY_SOURCE_CONFIRMATION","STAGING_ONLY_NOT_ACTIVATED"
"75.2.15","Material de protecção, segurança e conforto","75.2","3","688","false","false","false","false","NEEDS_NORMATIVE_VALIDATION","REQUIRES_PRIMARY_SOURCE_CONFIRMATION","STAGING_ONLY_NOT_ACTIVATED"
"75.2.16","Ferramentas e utensílios de desgaste rápido","75.2","3","689","false","false","false","false","NEEDS_NORMATIVE_VALIDATION","REQUIRES_PRIMARY_SOURCE_CONFIRMATION","STAGING_ONLY_NOT_ACTIVATED"
"75.2.17","Material de escritório","75.2","3","690","false","false","false","false","NEEDS_NORMATIVE_VALIDATION","REQUIRES_PRIMARY_SOURCE_CONFIRMATION","STAGING_ONLY_NOT_ACTIVATED"
"75.2.18","Livros e documentação técnica","75.2","3","691","false","false","false","false","NEEDS_NORMATIVE_VALIDATION","REQUIRES_PRIMARY_SOURCE_CONFIRMATION","STAGING_ONLY_NOT_ACTIVATED"
"75.2.19","Outros fornecimentos","75.2","3","692","false","false","false","false","NEEDS_NORMATIVE_VALIDATION","REQUIRES_PRIMARY_SOURCE_CONFIRMATION","STAGING_ONLY_NOT_ACTIVATED"
"75.2.20","Comunicação","75.2","3","693","false","false","false","false","NEEDS_NORMATIVE_VALIDATION","REQUIRES_PRIMARY_SOURCE_CONFIRMATION","STAGING_ONLY_NOT_ACTIVATED"
"75.2.21","Rendas e alugueres","75.2","3","694","false","false","false","false","NEEDS_NORMATIVE_VALIDATION","REQUIRES_PRIMARY_SOURCE_CONFIRMATION","STAGING_ONLY_NOT_ACTIVATED"
"75.2.22","Seguros","75.2","3","695","false","false","false","false","NEEDS_NORMATIVE_VALIDATION","REQUIRES_PRIMARY_SOURCE_CONFIRMATION","STAGING_ONLY_NOT_ACTIVATED"
"75.2.23","Deslocações e estadas","75.2","3","696","false","false","false","false","NEEDS_NORMATIVE_VALIDATION","REQUIRES_PRIMARY_SOURCE_CONFIRMATION","STAGING_ONLY_NOT_ACTIVATED"
"75.2.24","Despesas de representação","75.2","3","697","false","false","false","false","NEEDS_NORMATIVE_VALIDATION","REQUIRES_PRIMARY_SOURCE_CONFIRMATION","STAGING_ONLY_NOT_ACTIVATED"
"75.2.26","Conservação e reparação","75.2","3","698","false","false","false","false","NEEDS_NORMATIVE_VALIDATION","REQUIRES_PRIMARY_SOURCE_CONFIRMATION","STAGING_ONLY_NOT_ACTIVATED"
"75.2.27","Vigilância e segurança","75.2","3","699","false","false","false","false","NEEDS_NORMATIVE_VALIDATION","REQUIRES_PRIMARY_SOURCE_CONFIRMATION","STAGING_ONLY_NOT_ACTIVATED"
"75.2.28","Limpeza, higiene e conforto","75.2","3","700","false","false","false","false","NEEDS_NORMATIVE_VALIDATION","REQUIRES_PRIMARY_SOURCE_CONFIRMATION","STAGING_ONLY_NOT_ACTIVATED"
"75.2.29","Publicidade e propaganda","75.2","3","701","false","false","false","false","NEEDS_NORMATIVE_VALIDATION","REQUIRES_PRIMARY_SOURCE_CONFIRMATION","STAGING_ONLY_NOT_ACTIVATED"
"75.2.30","Contencioso e notariado","75.2","3","702","false","false","false","false","NEEDS_NORMATIVE_VALIDATION","REQUIRES_PRIMARY_SOURCE_CONFIRMATION","STAGING_ONLY_NOT_ACTIVATED"
"75.2.31","Comissões a intermediários","75.2","3","703","false","false","false","false","NEEDS_NORMATIVE_VALIDATION","REQUIRES_PRIMARY_SOURCE_CONFIRMATION","STAGING_ONLY_NOT_ACTIVATED"
"75.2.32","Assistência técnica","75.2","3","704","false","false","false","false","NEEDS_NORMATIVE_VALIDATION","REQUIRES_PRIMARY_SOURCE_CONFIRMATION","STAGING_ONLY_NOT_ACTIVATED"
"75.2.32.1","Estrangeira","75.2.32","4","706","false","false","false","false","NEEDS_NORMATIVE_VALIDATION","REQUIRES_PRIMARY_SOURCE_CONFIRMATION","STAGING_ONLY_NOT_ACTIVATED"
"75.2.32.2","Nacional","75.2.32","4","707","false","false","false","false","NEEDS_NORMATIVE_VALIDATION","REQUIRES_PRIMARY_SOURCE_CONFIRMATION","STAGING_ONLY_NOT_ACTIVATED"
"75.2.33","Trabalhos executados no exterior","75.2","3","708","false","false","false","false","NEEDS_NORMATIVE_VALIDATION","REQUIRES_PRIMARY_SOURCE_CONFIRMATION","STAGING_ONLY_NOT_ACTIVATED"
"75.2.34","Honorários e avenças","75.2","3","709","false","false","false","false","NEEDS_NORMATIVE_VALIDATION","REQUIRES_PRIMARY_SOURCE_CONFIRMATION","STAGING_ONLY_NOT_ACTIVATED"
"75.2.35","Royalties","75.2","3","710","false","false","false","false","NEEDS_NORMATIVE_VALIDATION","REQUIRES_PRIMARY_SOURCE_CONFIRMATION","STAGING_ONLY_NOT_ACTIVATED"
"75.2.39","Outros serviços","75.2","3","711","false","false","false","false","NEEDS_NORMATIVE_VALIDATION","REQUIRES_PRIMARY_SOURCE_CONFIRMATION","STAGING_ONLY_NOT_ACTIVATED"
"75.2.39.1","RESERVED_PGC_EXTENSION","75.2.39","4","714","true","false","false","false","NEEDS_NORMATIVE_VALIDATION","REQUIRES_PRIMARY_SOURCE_CONFIRMATION","STAGING_ONLY_NOT_ACTIVATED"
"75.3","Impostos","75","2","715","false","false","false","false","NEEDS_NORMATIVE_VALIDATION","REQUIRES_PRIMARY_SOURCE_CONFIRMATION","STAGING_ONLY_NOT_ACTIVATED"
"75.3.1","Indirectos","75.3","3","716","false","false","false","false","NEEDS_NORMATIVE_VALIDATION","REQUIRES_PRIMARY_SOURCE_CONFIRMATION","STAGING_ONLY_NOT_ACTIVATED"
"75.3.1.1","Imposto de selo","75.3.1","4","717","false","false","false","false","NEEDS_NORMATIVE_VALIDATION","REQUIRES_PRIMARY_SOURCE_CONFIRMATION","STAGING_ONLY_NOT_ACTIVATED"
"75.3.1.2","IVA","75.3.1","4","718","false","false","false","false","NEEDS_NORMATIVE_VALIDATION","REQUIRES_PRIMARY_SOURCE_CONFIRMATION","STAGING_ONLY_NOT_ACTIVATED"
"75.3.1.9","Outros impostos","75.3.1","4","719","false","false","false","false","NEEDS_NORMATIVE_VALIDATION","REQUIRES_PRIMARY_SOURCE_CONFIRMATION","STAGING_ONLY_NOT_ACTIVATED"
"75.3.2","Directos","75.3","3","720","false","false","false","false","NEEDS_NORMATIVE_VALIDATION","REQUIRES_PRIMARY_SOURCE_CONFIRMATION","STAGING_ONLY_NOT_ACTIVATED"
"75.3.2.1","Imposto de capitais","75.3.2","4","721","false","false","false","false","NEEDS_NORMATIVE_VALIDATION","REQUIRES_PRIMARY_SOURCE_CONFIRMATION","STAGING_ONLY_NOT_ACTIVATED"
"75.3.2.2","Contribuição predial","75.3.2","4","722","false","false","false","false","NEEDS_NORMATIVE_VALIDATION","REQUIRES_PRIMARY_SOURCE_CONFIRMATION","STAGING_ONLY_NOT_ACTIVATED"
"75.3.2.9","Outros impostos","75.3.2","4","723","false","false","false","false","NEEDS_NORMATIVE_VALIDATION","REQUIRES_PRIMARY_SOURCE_CONFIRMATION","STAGING_ONLY_NOT_ACTIVATED"
"75.4","Despesas confidenciais","75","2","725","false","false","false","false","NEEDS_NORMATIVE_VALIDATION","REQUIRES_PRIMARY_SOURCE_CONFIRMATION","STAGING_ONLY_NOT_ACTIVATED"
"75.5","Quotizações","75","2","726","false","false","false","false","NEEDS_NORMATIVE_VALIDATION","REQUIRES_PRIMARY_SOURCE_CONFIRMATION","STAGING_ONLY_NOT_ACTIVATED"
"75.6","Ofertas e amostras de existências","75","2","727","false","false","false","false","NEEDS_NORMATIVE_VALIDATION","REQUIRES_PRIMARY_SOURCE_CONFIRMATION","STAGING_ONLY_NOT_ACTIVATED"
"75.8","Outros custos e perdas operacionais","75","2","728","false","false","false","false","NEEDS_NORMATIVE_VALIDATION","REQUIRES_PRIMARY_SOURCE_CONFIRMATION","STAGING_ONLY_NOT_ACTIVATED"
"75.9","Transferência para resultados operacionais","75","2","729","false","false","false","false","NEEDS_NORMATIVE_VALIDATION","REQUIRES_PRIMARY_SOURCE_CONFIRMATION","STAGING_ONLY_NOT_ACTIVATED"
"76","Custos e perdas financeiros gerais","","1","730","false","false","false","false","NEEDS_NORMATIVE_VALIDATION","REQUIRES_PRIMARY_SOURCE_CONFIRMATION","STAGING_ONLY_NOT_ACTIVATED"
"76.1","Juros","76","2","731","false","false","false","false","NEEDS_NORMATIVE_VALIDATION","REQUIRES_PRIMARY_SOURCE_CONFIRMATION","STAGING_ONLY_NOT_ACTIVATED"
"76.1.1","De empréstimos","76.1","3","732","false","false","false","false","NEEDS_NORMATIVE_VALIDATION","REQUIRES_PRIMARY_SOURCE_CONFIRMATION","STAGING_ONLY_NOT_ACTIVATED"
"76.1.1.1","Bancários","76.1.1","4","735","false","false","false","false","NEEDS_NORMATIVE_VALIDATION","REQUIRES_PRIMARY_SOURCE_CONFIRMATION","STAGING_ONLY_NOT_ACTIVATED"
"76.1.1.2","Obrigações","76.1.1","4","736","false","false","false","false","NEEDS_NORMATIVE_VALIDATION","REQUIRES_PRIMARY_SOURCE_CONFIRMATION","STAGING_ONLY_NOT_ACTIVATED"
"76.1.1.3","Títulos de participação","76.1.1","4","737","false","false","false","false","NEEDS_NORMATIVE_VALIDATION","REQUIRES_PRIMARY_SOURCE_CONFIRMATION","STAGING_ONLY_NOT_ACTIVATED"
"76.1.2","De descobertos bancários","76.1","3","738","false","false","false","false","NEEDS_NORMATIVE_VALIDATION","REQUIRES_PRIMARY_SOURCE_CONFIRMATION","STAGING_ONLY_NOT_ACTIVATED"
"76.1.3","De mora relativos a dívidas a terceiros","76.1","3","739","false","false","false","false","NEEDS_NORMATIVE_VALIDATION","REQUIRES_PRIMARY_SOURCE_CONFIRMATION","STAGING_ONLY_NOT_ACTIVATED"
"76.1.4","De desconto de títulos","76.1","3","740","false","false","false","false","NEEDS_NORMATIVE_VALIDATION","REQUIRES_PRIMARY_SOURCE_CONFIRMATION","STAGING_ONLY_NOT_ACTIVATED"
"76.2","Diferenças de câmbio desfavoráveis","76","2","741","false","false","false","false","NEEDS_NORMATIVE_VALIDATION","REQUIRES_PRIMARY_SOURCE_CONFIRMATION","STAGING_ONLY_NOT_ACTIVATED"
"76.2.1","Realizadas","76.2","3","744","false","false","false","false","NEEDS_NORMATIVE_VALIDATION","REQUIRES_PRIMARY_SOURCE_CONFIRMATION","STAGING_ONLY_NOT_ACTIVATED"
"76.2.2","Não realizadas","76.2","3","745","false","false","false","false","NEEDS_NORMATIVE_VALIDATION","REQUIRES_PRIMARY_SOURCE_CONFIRMATION","STAGING_ONLY_NOT_ACTIVATED"
"76.3","Descontos de pronto pagamento concedidos","76","2","746","false","false","false","false","NEEDS_NORMATIVE_VALIDATION","REQUIRES_PRIMARY_SOURCE_CONFIRMATION","STAGING_ONLY_NOT_ACTIVATED"
"76.4","Amortizações de investimentos em imóveis","76","2","747","false","false","false","false","NEEDS_NORMATIVE_VALIDATION","REQUIRES_PRIMARY_SOURCE_CONFIRMATION","STAGING_ONLY_NOT_ACTIVATED"
"76.5","Provisões para aplicações financeiras","76","2","748","false","false","false","false","NEEDS_NORMATIVE_VALIDATION","REQUIRES_PRIMARY_SOURCE_CONFIRMATION","STAGING_ONLY_NOT_ACTIVATED"
"76.6","Perdas na alienação de aplicações financeiras","76","2","749","false","false","false","false","NEEDS_NORMATIVE_VALIDATION","REQUIRES_PRIMARY_SOURCE_CONFIRMATION","STAGING_ONLY_NOT_ACTIVATED"
"76.7","Serviços bancários","76","2","750","false","false","false","false","NEEDS_NORMATIVE_VALIDATION","REQUIRES_PRIMARY_SOURCE_CONFIRMATION","STAGING_ONLY_NOT_ACTIVATED"
"76.9","Transferência para resultados financeiros","76","2","751","false","false","false","false","NEEDS_NORMATIVE_VALIDATION","REQUIRES_PRIMARY_SOURCE_CONFIRMATION","STAGING_ONLY_NOT_ACTIVATED"
"77","Custos e perdas financeiros em filiais e associadas","","1","752","false","false","false","false","NEEDS_NORMATIVE_VALIDATION","REQUIRES_PRIMARY_SOURCE_CONFIRMATION","STAGING_ONLY_NOT_ACTIVATED"
"77.3","RESERVED_PGC_EXTENSION","77","2","753","true","false","false","false","NEEDS_NORMATIVE_VALIDATION","REQUIRES_PRIMARY_SOURCE_CONFIRMATION","STAGING_ONLY_NOT_ACTIVATED"
"77.9","Transferência para resultados financeiros","77","2","754","false","false","false","false","NEEDS_NORMATIVE_VALIDATION","REQUIRES_PRIMARY_SOURCE_CONFIRMATION","STAGING_ONLY_NOT_ACTIVATED"
"78","Outros custos e perdas não operacionais","","1","755","false","false","false","false","NEEDS_NORMATIVE_VALIDATION","REQUIRES_PRIMARY_SOURCE_CONFIRMATION","STAGING_ONLY_NOT_ACTIVATED"
"78.1","Provisões do exercício","78","2","756","false","false","false","false","NEEDS_NORMATIVE_VALIDATION","REQUIRES_PRIMARY_SOURCE_CONFIRMATION","STAGING_ONLY_NOT_ACTIVATED"
"78.1.1","Existências","78.1","3","758","false","false","false","false","NEEDS_NORMATIVE_VALIDATION","REQUIRES_PRIMARY_SOURCE_CONFIRMATION","STAGING_ONLY_NOT_ACTIVATED"
"78.1.2","Cobranças duvidosas","78.1","3","759","false","false","false","false","NEEDS_NORMATIVE_VALIDATION","REQUIRES_PRIMARY_SOURCE_CONFIRMATION","STAGING_ONLY_NOT_ACTIVATED"
"78.1.3","Riscos e encargos","78.1","3","760","false","false","false","false","NEEDS_NORMATIVE_VALIDATION","REQUIRES_PRIMARY_SOURCE_CONFIRMATION","STAGING_ONLY_NOT_ACTIVATED"
"78.2","Amortizações extraordinárias","78","2","761","false","false","false","false","NEEDS_NORMATIVE_VALIDATION","REQUIRES_PRIMARY_SOURCE_CONFIRMATION","STAGING_ONLY_NOT_ACTIVATED"
"78.2.1","Imobilizações corpóreas","78.2","3","764","false","false","false","false","NEEDS_NORMATIVE_VALIDATION","REQUIRES_PRIMARY_SOURCE_CONFIRMATION","STAGING_ONLY_NOT_ACTIVATED"
"78.2.2","Imobilizações incorpóreas","78.2","3","765","false","false","false","false","NEEDS_NORMATIVE_VALIDATION","REQUIRES_PRIMARY_SOURCE_CONFIRMATION","STAGING_ONLY_NOT_ACTIVATED"
"78.3","Perdas em imobilizações","78","2","766","false","false","false","false","NEEDS_NORMATIVE_VALIDATION","REQUIRES_PRIMARY_SOURCE_CONFIRMATION","STAGING_ONLY_NOT_ACTIVATED"
"78.3.1","Venda de imobilizações corpóreas","78.3","3","769","false","false","false","false","NEEDS_NORMATIVE_VALIDATION","REQUIRES_PRIMARY_SOURCE_CONFIRMATION","STAGING_ONLY_NOT_ACTIVATED"
"78.3.2","Venda de imobilizações incorpóreas","78.3","3","770","false","false","false","false","NEEDS_NORMATIVE_VALIDATION","REQUIRES_PRIMARY_SOURCE_CONFIRMATION","STAGING_ONLY_NOT_ACTIVATED"
"78.3.3","Abates","78.3","3","771","false","false","false","false","NEEDS_NORMATIVE_VALIDATION","REQUIRES_PRIMARY_SOURCE_CONFIRMATION","STAGING_ONLY_NOT_ACTIVATED"
"78.3.9","Outras","78.3","3","772","false","false","false","false","NEEDS_NORMATIVE_VALIDATION","REQUIRES_PRIMARY_SOURCE_CONFIRMATION","STAGING_ONLY_NOT_ACTIVATED"
"78.4","Perdas em existências","78","2","773","false","false","false","false","NEEDS_NORMATIVE_VALIDATION","REQUIRES_PRIMARY_SOURCE_CONFIRMATION","STAGING_ONLY_NOT_ACTIVATED"
"78.4.1","Quebras","78.4","3","776","false","false","false","false","NEEDS_NORMATIVE_VALIDATION","REQUIRES_PRIMARY_SOURCE_CONFIRMATION","STAGING_ONLY_NOT_ACTIVATED"
"78.5","Dívidas incobráveis","78","2","777","false","false","false","false","NEEDS_NORMATIVE_VALIDATION","REQUIRES_PRIMARY_SOURCE_CONFIRMATION","STAGING_ONLY_NOT_ACTIVATED"
"78.6","Multas e penalidades contratuais","78","2","778","false","false","false","false","NEEDS_NORMATIVE_VALIDATION","REQUIRES_PRIMARY_SOURCE_CONFIRMATION","STAGING_ONLY_NOT_ACTIVATED"
"78.6.1","Fiscais","78.6","3","781","false","false","false","false","NEEDS_NORMATIVE_VALIDATION","REQUIRES_PRIMARY_SOURCE_CONFIRMATION","STAGING_ONLY_NOT_ACTIVATED"
"78.6.2","Não fiscais","78.6","3","782","false","false","false","false","NEEDS_NORMATIVE_VALIDATION","REQUIRES_PRIMARY_SOURCE_CONFIRMATION","STAGING_ONLY_NOT_ACTIVATED"
"78.6.3","Penalidades contratuais","78.6","3","783","false","false","false","false","NEEDS_NORMATIVE_VALIDATION","REQUIRES_PRIMARY_SOURCE_CONFIRMATION","STAGING_ONLY_NOT_ACTIVATED"
"78.7","Custos de reestruturação","78","2","784","false","false","false","false","NEEDS_NORMATIVE_VALIDATION","REQUIRES_PRIMARY_SOURCE_CONFIRMATION","STAGING_ONLY_NOT_ACTIVATED"
"78.8","Descontinuidade de operações","78","2","785","false","false","false","false","NEEDS_NORMATIVE_VALIDATION","REQUIRES_PRIMARY_SOURCE_CONFIRMATION","STAGING_ONLY_NOT_ACTIVATED"
"78.9","Alterações de políticas contabilísticas","78","2","786","false","false","false","false","NEEDS_NORMATIVE_VALIDATION","REQUIRES_PRIMARY_SOURCE_CONFIRMATION","STAGING_ONLY_NOT_ACTIVATED"
"78.10","Correcções relativas a exercícios anteriores","78","2","787","false","false","false","false","NEEDS_NORMATIVE_VALIDATION","REQUIRES_PRIMARY_SOURCE_CONFIRMATION","STAGING_ONLY_NOT_ACTIVATED"
"78.10.1","Estimativa impostos","78.10","3","790","false","false","false","false","NEEDS_NORMATIVE_VALIDATION","REQUIRES_PRIMARY_SOURCE_CONFIRMATION","STAGING_ONLY_NOT_ACTIVATED"
"78.11","Outros custos e perdas não operacionais","78","2","791","false","false","false","false","NEEDS_NORMATIVE_VALIDATION","REQUIRES_PRIMARY_SOURCE_CONFIRMATION","STAGING_ONLY_NOT_ACTIVATED"
"78.11.1","Donativos","78.11","3","794","false","false","false","false","NEEDS_NORMATIVE_VALIDATION","REQUIRES_PRIMARY_SOURCE_CONFIRMATION","STAGING_ONLY_NOT_ACTIVATED"
"78.11.2","Reembolso de subsídios à exploração","78.11","3","795","false","false","false","false","NEEDS_NORMATIVE_VALIDATION","REQUIRES_PRIMARY_SOURCE_CONFIRMATION","STAGING_ONLY_NOT_ACTIVATED"
"78.11.3","Reembolso de subsídios a investimentos","78.11","3","796","false","false","false","false","NEEDS_NORMATIVE_VALIDATION","REQUIRES_PRIMARY_SOURCE_CONFIRMATION","STAGING_ONLY_NOT_ACTIVATED"
"78.19","Transferência para resultados não operacionais","78","2","797","false","false","false","false","NEEDS_NORMATIVE_VALIDATION","REQUIRES_PRIMARY_SOURCE_CONFIRMATION","STAGING_ONLY_NOT_ACTIVATED"
"79","Custos e perdas extraordinárias","","1","798","false","false","false","false","NEEDS_NORMATIVE_VALIDATION","REQUIRES_PRIMARY_SOURCE_CONFIRMATION","STAGING_ONLY_NOT_ACTIVATED"
"79.1","Perdas resultantes de catástrofes naturais","79","2","799","false","false","false","false","NEEDS_NORMATIVE_VALIDATION","REQUIRES_PRIMARY_SOURCE_CONFIRMATION","STAGING_ONLY_NOT_ACTIVATED"
"79.2","Perdas resultantes de convulsões políticas","79","2","800","false","false","false","false","NEEDS_NORMATIVE_VALIDATION","REQUIRES_PRIMARY_SOURCE_CONFIRMATION","STAGING_ONLY_NOT_ACTIVATED"
"79.3","Perdas resultantes de expropriações","79","2","801","false","false","false","false","NEEDS_NORMATIVE_VALIDATION","REQUIRES_PRIMARY_SOURCE_CONFIRMATION","STAGING_ONLY_NOT_ACTIVATED"
"79.4","Perdas resultantes de sinistros","79","2","802","false","false","false","false","NEEDS_NORMATIVE_VALIDATION","REQUIRES_PRIMARY_SOURCE_CONFIRMATION","STAGING_ONLY_NOT_ACTIVATED"
"79.9","Transferência para resultados extraordinários","79","2","803","false","false","false","false","NEEDS_NORMATIVE_VALIDATION","REQUIRES_PRIMARY_SOURCE_CONFIRMATION","STAGING_ONLY_NOT_ACTIVATED"
"81","Resultados transitados","","1","805","false","false","false","false","NEEDS_NORMATIVE_VALIDATION","REQUIRES_PRIMARY_SOURCE_CONFIRMATION","STAGING_ONLY_NOT_ACTIVATED"
"81.1","Ano","81","2","808","false","false","false","false","NEEDS_NORMATIVE_VALIDATION","REQUIRES_PRIMARY_SOURCE_CONFIRMATION","STAGING_ONLY_NOT_ACTIVATED"
"81.1.1","Resultado do ano","81.1","3","810","false","false","false","false","NEEDS_NORMATIVE_VALIDATION","REQUIRES_PRIMARY_SOURCE_CONFIRMATION","STAGING_ONLY_NOT_ACTIVATED"
"81.1.2","Aplicação de resultados","81.1","3","811","false","false","false","false","NEEDS_NORMATIVE_VALIDATION","REQUIRES_PRIMARY_SOURCE_CONFIRMATION","STAGING_ONLY_NOT_ACTIVATED"
"81.1.3","Correcções de erros fundamentais no exercício seguinte","81.1","3","812","false","false","false","false","NEEDS_NORMATIVE_VALIDATION","REQUIRES_PRIMARY_SOURCE_CONFIRMATION","STAGING_ONLY_NOT_ACTIVATED"
"81.1.4","Efeito das alterações de políticas contabilísticas","81.1","3","813","false","false","false","false","NEEDS_NORMATIVE_VALIDATION","REQUIRES_PRIMARY_SOURCE_CONFIRMATION","STAGING_ONLY_NOT_ACTIVATED"
"81.1.5","Imposto relativo a correcções de erros fundamentais e alterações de políticas contabilísticas","81.1","3","814","false","false","false","false","NEEDS_NORMATIVE_VALIDATION","REQUIRES_PRIMARY_SOURCE_CONFIRMATION","STAGING_ONLY_NOT_ACTIVATED"
"82","Resultados operacionais","","1","816","false","false","false","false","NEEDS_NORMATIVE_VALIDATION","REQUIRES_PRIMARY_SOURCE_CONFIRMATION","STAGING_ONLY_NOT_ACTIVATED"
"82.1","Vendas","82","2","817","false","false","false","false","NEEDS_NORMATIVE_VALIDATION","REQUIRES_PRIMARY_SOURCE_CONFIRMATION","STAGING_ONLY_NOT_ACTIVATED"
"82.2","Prestações de serviço","82","2","818","false","false","false","false","NEEDS_NORMATIVE_VALIDATION","REQUIRES_PRIMARY_SOURCE_CONFIRMATION","STAGING_ONLY_NOT_ACTIVATED"
"82.3","Outros proveitos operacionais","82","2","819","false","false","false","false","NEEDS_NORMATIVE_VALIDATION","REQUIRES_PRIMARY_SOURCE_CONFIRMATION","STAGING_ONLY_NOT_ACTIVATED"
"82.4","Variação nos inventários de produtos acabados e produtos em vias de fabrico","82","2","820","false","false","false","false","NEEDS_NORMATIVE_VALIDATION","REQUIRES_PRIMARY_SOURCE_CONFIRMATION","STAGING_ONLY_NOT_ACTIVATED"
"82.5","Trabalhos para a própria empresa","82","2","821","false","false","false","false","NEEDS_NORMATIVE_VALIDATION","REQUIRES_PRIMARY_SOURCE_CONFIRMATION","STAGING_ONLY_NOT_ACTIVATED"
"82.6","Custo das mercadorias vendidas e das matérias consumidas","82","2","822","false","false","false","false","NEEDS_NORMATIVE_VALIDATION","REQUIRES_PRIMARY_SOURCE_CONFIRMATION","STAGING_ONLY_NOT_ACTIVATED"
"82.7","Custos com o pessoal","82","2","823","false","false","false","false","NEEDS_NORMATIVE_VALIDATION","REQUIRES_PRIMARY_SOURCE_CONFIRMATION","STAGING_ONLY_NOT_ACTIVATED"
"82.8","Amortizações do exercício","82","2","824","false","false","false","false","NEEDS_NORMATIVE_VALIDATION","REQUIRES_PRIMARY_SOURCE_CONFIRMATION","STAGING_ONLY_NOT_ACTIVATED"
"82.9","Outros custos operacionais","82","2","825","false","false","false","false","NEEDS_NORMATIVE_VALIDATION","REQUIRES_PRIMARY_SOURCE_CONFIRMATION","STAGING_ONLY_NOT_ACTIVATED"
"82.19","Transferência para resultados líquidos","82","2","826","false","false","false","false","NEEDS_NORMATIVE_VALIDATION","REQUIRES_PRIMARY_SOURCE_CONFIRMATION","STAGING_ONLY_NOT_ACTIVATED"
"83","Resultados financeiros","","1","827","false","false","false","false","NEEDS_NORMATIVE_VALIDATION","REQUIRES_PRIMARY_SOURCE_CONFIRMATION","STAGING_ONLY_NOT_ACTIVATED"
"83.1","Proveitos e ganhos financeiros gerais","83","2","828","false","false","false","false","NEEDS_NORMATIVE_VALIDATION","REQUIRES_PRIMARY_SOURCE_CONFIRMATION","STAGING_ONLY_NOT_ACTIVATED"
"83.2","Custos e perdas financeiros gerais","83","2","829","false","false","false","false","NEEDS_NORMATIVE_VALIDATION","REQUIRES_PRIMARY_SOURCE_CONFIRMATION","STAGING_ONLY_NOT_ACTIVATED"
"83.9","Transferência para resultados líquidos","83","2","830","false","false","false","false","NEEDS_NORMATIVE_VALIDATION","REQUIRES_PRIMARY_SOURCE_CONFIRMATION","STAGING_ONLY_NOT_ACTIVATED"
"84","Resultados em filiais, subsidiárias e associadas","","1","831","false","false","false","false","NEEDS_NORMATIVE_VALIDATION","REQUIRES_PRIMARY_SOURCE_CONFIRMATION","STAGING_ONLY_NOT_ACTIVATED"
"84.1","Proveitos e ganhos em filiais, subsidiárias e associadas","84","2","832","false","false","false","false","NEEDS_NORMATIVE_VALIDATION","REQUIRES_PRIMARY_SOURCE_CONFIRMATION","STAGING_ONLY_NOT_ACTIVATED"
"84.2","Custos e perdas em filiais e associadas","84","2","833","false","false","false","false","NEEDS_NORMATIVE_VALIDATION","REQUIRES_PRIMARY_SOURCE_CONFIRMATION","STAGING_ONLY_NOT_ACTIVATED"
"84.9","Transferência para resultados líquidos","84","2","834","false","false","false","false","NEEDS_NORMATIVE_VALIDATION","REQUIRES_PRIMARY_SOURCE_CONFIRMATION","STAGING_ONLY_NOT_ACTIVATED"
"85","Resultados não operacionais","","1","835","false","false","false","false","NEEDS_NORMATIVE_VALIDATION","REQUIRES_PRIMARY_SOURCE_CONFIRMATION","STAGING_ONLY_NOT_ACTIVATED"
"85.1","Proveitos e ganhos não operacionais","85","2","836","false","false","false","false","NEEDS_NORMATIVE_VALIDATION","REQUIRES_PRIMARY_SOURCE_CONFIRMATION","STAGING_ONLY_NOT_ACTIVATED"
"85.2","Custos e perdas não operacionais","85","2","837","false","false","false","false","NEEDS_NORMATIVE_VALIDATION","REQUIRES_PRIMARY_SOURCE_CONFIRMATION","STAGING_ONLY_NOT_ACTIVATED"
"85.9","Transferência para resultados líquidos","85","2","838","false","false","false","false","NEEDS_NORMATIVE_VALIDATION","REQUIRES_PRIMARY_SOURCE_CONFIRMATION","STAGING_ONLY_NOT_ACTIVATED"
"86","Resultados extraordinários","","1","839","false","false","false","false","NEEDS_NORMATIVE_VALIDATION","REQUIRES_PRIMARY_SOURCE_CONFIRMATION","STAGING_ONLY_NOT_ACTIVATED"
"86.1","Proveitos e ganhos extraordinários","86","2","840","false","false","false","false","NEEDS_NORMATIVE_VALIDATION","REQUIRES_PRIMARY_SOURCE_CONFIRMATION","STAGING_ONLY_NOT_ACTIVATED"
"86.2","Custos e perdas extraordinários","86","2","841","false","false","false","false","NEEDS_NORMATIVE_VALIDATION","REQUIRES_PRIMARY_SOURCE_CONFIRMATION","STAGING_ONLY_NOT_ACTIVATED"
"86.9","Transferência para resultados líquidos","86","2","842","false","false","false","false","NEEDS_NORMATIVE_VALIDATION","REQUIRES_PRIMARY_SOURCE_CONFIRMATION","STAGING_ONLY_NOT_ACTIVATED"
"87","Impostos sobre os lucros","","1","843","false","false","false","false","NEEDS_NORMATIVE_VALIDATION","REQUIRES_PRIMARY_SOURCE_CONFIRMATION","STAGING_ONLY_NOT_ACTIVATED"
"87.1","Imposto sobre os resultados correntes","87","2","844","false","false","false","false","NEEDS_NORMATIVE_VALIDATION","REQUIRES_PRIMARY_SOURCE_CONFIRMATION","STAGING_ONLY_NOT_ACTIVATED"
"87.2","Imposto sobre os resultados extraordinários","87","2","845","false","false","false","false","NEEDS_NORMATIVE_VALIDATION","REQUIRES_PRIMARY_SOURCE_CONFIRMATION","STAGING_ONLY_NOT_ACTIVATED"
"87.9","Transferência para resultados líquidos","87","2","846","false","false","false","false","NEEDS_NORMATIVE_VALIDATION","REQUIRES_PRIMARY_SOURCE_CONFIRMATION","STAGING_ONLY_NOT_ACTIVATED"
"88","Resultados líquidos do exercício","","1","847","false","false","false","false","NEEDS_NORMATIVE_VALIDATION","REQUIRES_PRIMARY_SOURCE_CONFIRMATION","STAGING_ONLY_NOT_ACTIVATED"
"88.1","Resultados operacionais","88","2","848","false","false","false","false","NEEDS_NORMATIVE_VALIDATION","REQUIRES_PRIMARY_SOURCE_CONFIRMATION","STAGING_ONLY_NOT_ACTIVATED"
"88.2","Resultados financeiros gerais","88","2","849","false","false","false","false","NEEDS_NORMATIVE_VALIDATION","REQUIRES_PRIMARY_SOURCE_CONFIRMATION","STAGING_ONLY_NOT_ACTIVATED"
"88.3","Resultados em filiais, subsidiárias e associadas","88","2","850","false","false","false","false","NEEDS_NORMATIVE_VALIDATION","REQUIRES_PRIMARY_SOURCE_CONFIRMATION","STAGING_ONLY_NOT_ACTIVATED"
"88.4","Resultados não operacionais","88","2","851","false","false","false","false","NEEDS_NORMATIVE_VALIDATION","REQUIRES_PRIMARY_SOURCE_CONFIRMATION","STAGING_ONLY_NOT_ACTIVATED"
"88.5","Imposto sobre os resultados correntes","88","2","852","false","false","false","false","NEEDS_NORMATIVE_VALIDATION","REQUIRES_PRIMARY_SOURCE_CONFIRMATION","STAGING_ONLY_NOT_ACTIVATED"
"88.6","Resultados extraordinários","88","2","853","false","false","false","false","NEEDS_NORMATIVE_VALIDATION","REQUIRES_PRIMARY_SOURCE_CONFIRMATION","STAGING_ONLY_NOT_ACTIVATED"
"88.7","Imposto sobre os resultados extraordinários","88","2","854","false","false","false","false","NEEDS_NORMATIVE_VALIDATION","REQUIRES_PRIMARY_SOURCE_CONFIRMATION","STAGING_ONLY_NOT_ACTIVATED"
"89","Dividendos antecipados","","1","855","false","false","false","false","NEEDS_NORMATIVE_VALIDATION","REQUIRES_PRIMARY_SOURCE_CONFIRMATION","STAGING_ONLY_NOT_ACTIVATED"
"89.1","RESERVED_PGC_EXTENSION","89","2","856","true","false","false","false","NEEDS_NORMATIVE_VALIDATION","REQUIRES_PRIMARY_SOURCE_CONFIRMATION","STAGING_ONLY_NOT_ACTIVATED"
